HeureID;EnseignantID;MatiereID;GroupID;SemestreID;TypeCours;VolumeHoraire;DateCours
HRE000001;ENS0001;MAT0011;28;3;TP;35;17-05-0023
HRE000002;ENS0001;MAT0018;31;3;TP;10;15-04-0032
HRE000003;ENS0001;MAT0021;13;3;PROJET;15;17-03-0030
HRE000004;ENS0001;MAT0028;43;3;CM;40;17-05-0019
HRE000005;ENS0001;MAT0028;39;3;TD;10;17-03-0027
HRE000006;ENS0001;MAT0020;46;3;TD;20;15-04-0033
HRE000007;ENS0001;MAT0007;3;3;TD;40;16-04-0031
HRE000008;ENS0001;MAT0025;39;3;PROJET;35;16-05-0013
HRE000009;ENS0001;MAT0032;31;3;CM;20;17-03-0011
HRE000010;ENS0001;MAT0003;24;3;CM;40;16-05-0025
HRE000011;ENS0001;MAT0012;6;3;TP;25;16-04-0026
HRE000012;ENS0001;MAT0001;27;3;PROJET;30;17-05-0014
HRE000013;ENS0002;MAT0012;3;3;PROJET;30;16-04-0014
HRE000014;ENS0002;MAT0029;43;3;CM;10;16-03-0012
HRE000015;ENS0002;MAT0005;36;3;PROJET;15;15-04-0016
HRE000016;ENS0002;MAT0018;26;3;CM;25;17-03-0026
HRE000017;ENS0002;MAT0023;37;3;TD;20;16-05-0008
HRE000018;ENS0003;MAT0019;37;3;TD;25;15-04-0017
HRE000019;ENS0003;MAT0030;19;3;PROJET;15;16-04-0019
HRE000020;ENS0003;MAT0002;46;3;TP;30;16-03-0012
HRE000021;ENS0003;MAT0028;37;3;PROJET;20;15-04-0032
HRE000022;ENS0003;MAT0016;18;3;CM;15;16-04-0014
HRE000023;ENS0003;MAT0018;30;3;TP;40;16-05-0024
HRE000024;ENS0003;MAT0008;6;3;CM;15;16-03-0020
HRE000025;ENS0003;MAT0021;4;3;CM;15;16-04-0022
HRE000026;ENS0003;MAT0018;6;3;TD;30;17-05-0034
HRE000027;ENS0003;MAT0030;42;3;CM;15;15-04-0025
HRE000028;ENS0003;MAT0003;17;3;CM;15;16-04-0034
HRE000029;ENS0003;MAT0024;24;3;TD;30;16-03-0016
HRE000030;ENS0004;MAT0015;40;3;CM;10;15-04-0017
HRE000031;ENS0004;MAT0016;16;3;CM;15;17-05-0019
HRE000032;ENS0004;MAT0032;37;3;PROJET;25;16-03-0028
HRE000033;ENS0004;MAT0009;5;3;PROJET;10;16-03-0008
HRE000034;ENS0004;MAT0031;42;3;PROJET;40;16-04-0026
HRE000035;ENS0004;MAT0018;38;3;PROJET;20;16-04-0030
HRE000036;ENS0004;MAT0022;25;3;TD;40;16-05-0033
HRE000037;ENS0004;MAT0030;29;3;TP;40;17-03-0007
HRE000038;ENS0004;MAT0020;43;3;TP;15;16-05-0012
HRE000039;ENS0004;MAT0033;21;3;TP;25;16-05-0017
HRE000040;ENS0004;MAT0018;5;3;TP;15;16-04-0026
HRE000041;ENS0004;MAT0010;56;3;CM;10;17-05-0023
HRE000042;ENS0004;MAT0016;36;3;CM;35;15-04-0013
HRE000043;ENS0004;MAT0005;27;3;CM;10;16-04-0010
HRE000044;ENS0004;MAT0009;2;3;TD;20;17-03-0023
HRE000045;ENS0004;MAT0023;45;3;CM;25;16-05-0020
HRE000046;ENS0005;MAT0016;4;3;CM;20;17-03-0031
HRE000047;ENS0005;MAT0005;45;3;CM;10;17-05-0010
HRE000048;ENS0005;MAT0008;46;3;PROJET;20;16-05-0032
HRE000049;ENS0005;MAT0009;34;3;PROJET;15;16-04-0019
HRE000050;ENS0005;MAT0012;37;3;TP;20;16-04-0007
HRE000051;ENS0005;MAT0035;35;3;TP;25;15-04-0017
HRE000052;ENS0005;MAT0010;25;3;PROJET;10;17-05-0027
HRE000053;ENS0005;MAT0020;36;3;CM;10;16-04-0015
HRE000054;ENS0005;MAT0030;8;3;CM;40;16-05-0012
HRE000055;ENS0005;MAT0020;48;3;TP;10;16-03-0020
HRE000056;ENS0005;MAT0029;53;3;PROJET;10;15-04-0009
HRE000057;ENS0005;MAT0032;47;3;TD;30;16-05-0028
HRE000058;ENS0005;MAT0012;23;3;PROJET;35;17-03-0026
HRE000059;ENS0005;MAT0027;2;3;CM;10;16-05-0017
HRE000060;ENS0005;MAT0010;38;3;CM;30;15-04-0016
HRE000061;ENS0005;MAT0028;55;3;TP;20;17-03-0014
HRE000062;ENS0005;MAT0011;1;3;TP;35;15-04-0009
HRE000063;ENS0005;MAT0003;35;3;PROJET;25;17-05-0010
HRE000064;ENS0005;MAT0006;53;3;PROJET;40;16-05-0025
HRE000065;ENS0005;MAT0028;47;3;TD;40;17-03-0007
HRE000066;ENS0006;MAT0030;11;3;PROJET;40;16-03-0032
HRE000067;ENS0006;MAT0021;11;3;CM;30;16-05-0016
HRE000068;ENS0006;MAT0014;44;3;PROJET;35;17-05-0026
HRE000069;ENS0006;MAT0033;37;3;TD;20;17-05-0034
HRE000070;ENS0006;MAT0010;56;3;PROJET;15;16-03-0025
HRE000071;ENS0006;MAT0015;8;3;TP;30;17-03-0031
HRE000072;ENS0006;MAT0032;35;3;TD;40;17-05-0034
HRE000073;ENS0006;MAT0023;55;3;CM;10;16-04-0011
HRE000074;ENS0006;MAT0018;7;3;PROJET;25;17-05-0010
HRE000075;ENS0006;MAT0035;37;3;TD;30;15-04-0012
HRE000076;ENS0006;MAT0014;4;3;CM;30;16-05-0016
HRE000077;ENS0006;MAT0033;55;3;PROJET;20;17-03-0011
HRE000078;ENS0006;MAT0035;9;3;TD;35;17-03-0015
HRE000079;ENS0006;MAT0022;27;3;CM;25;17-05-0014
HRE000080;ENS0006;MAT0013;22;3;CM;15;17-05-0019
HRE000081;ENS0006;MAT0016;9;3;TP;25;16-03-0016
HRE000082;ENS0006;MAT0011;6;3;PROJET;15;17-05-0022
HRE000083;ENS0006;MAT0007;40;3;TP;10;17-05-0018
HRE000084;ENS0006;MAT0003;43;3;TD;25;15-04-0009
HRE000085;ENS0006;MAT0035;11;3;CM;10;17-05-0026
HRE000086;ENS0007;MAT0031;32;3;PROJET;30;16-03-0008
HRE000087;ENS0007;MAT0023;55;3;TD;25;15-04-0009
HRE000088;ENS0007;MAT0024;37;3;CM;25;15-04-0016
HRE000089;ENS0007;MAT0022;4;3;PROJET;10;17-03-0015
HRE000090;ENS0007;MAT0010;55;3;TP;20;17-03-0026
HRE000091;ENS0007;MAT0028;45;3;CM;30;16-03-0016
HRE000092;ENS0007;MAT0001;35;3;CM;35;17-03-0023
HRE000093;ENS0007;MAT0021;25;3;TP;15;17-05-0007
HRE000094;ENS0007;MAT0014;17;3;TP;30;17-03-0023
HRE000095;ENS0007;MAT0002;30;3;PROJET;30;15-04-0017
HRE000096;ENS0007;MAT0020;15;3;CM;15;16-04-0019
HRE000097;ENS0007;MAT0022;45;3;PROJET;15;16-04-0030
HRE000098;ENS0007;MAT0009;27;3;TD;40;16-04-0030
HRE000099;ENS0007;MAT0012;19;3;TP;40;17-03-0026
HRE000100;ENS0007;MAT0014;20;3;CM;25;16-04-0026
HRE000101;ENS0007;MAT0013;21;3;CM;15;17-03-0023
HRE000102;ENS0007;MAT0014;46;3;CM;30;15-04-0012
HRE000103;ENS0007;MAT0026;29;3;TD;40;15-04-0008
HRE000104;ENS0008;MAT0005;12;3;TD;35;15-04-0032
HRE000105;ENS0008;MAT0007;54;3;TP;40;16-04-0034
HRE000106;ENS0008;MAT0035;47;3;TD;30;16-04-0027
HRE000107;ENS0008;MAT0021;50;3;TP;20;17-03-0034
HRE000108;ENS0008;MAT0025;31;3;TD;30;17-03-0007
HRE000109;ENS0008;MAT0015;48;3;PROJET;15;17-03-0022
HRE000110;ENS0008;MAT0017;5;3;PROJET;35;15-04-0012
HRE000111;ENS0008;MAT0005;11;3;TD;30;17-05-0018
HRE000112;ENS0008;MAT0017;50;3;CM;10;16-05-0029
HRE000113;ENS0008;MAT0019;49;3;PROJET;25;16-03-0028
HRE000114;ENS0008;MAT0020;6;3;TD;20;15-04-0033
HRE000115;ENS0008;MAT0027;55;3;CM;10;16-03-0017
HRE000116;ENS0008;MAT0009;42;3;PROJET;30;16-04-0031
HRE000117;ENS0008;MAT0005;40;3;TD;40;15-04-0024
HRE000118;ENS0008;MAT0031;16;3;TD;35;17-03-0027
HRE000119;ENS0008;MAT0002;6;3;CM;30;16-05-0008
HRE000120;ENS0009;MAT0004;40;3;CM;30;16-04-0034
HRE000121;ENS0009;MAT0033;17;3;TD;40;16-04-0023
HRE000122;ENS0009;MAT0017;23;3;PROJET;25;16-03-0020
HRE000123;ENS0009;MAT0002;52;3;TP;35;16-03-0012
HRE000124;ENS0009;MAT0033;41;3;TP;35;16-03-0020
HRE000125;ENS0009;MAT0028;37;3;PROJET;30;16-05-0012
HRE000126;ENS0009;MAT0024;8;3;PROJET;20;16-03-0008
HRE000127;ENS0009;MAT0028;37;3;PROJET;10;15-04-0017
HRE000128;ENS0009;MAT0008;8;3;TP;15;16-04-0018
HRE000129;ENS0009;MAT0011;35;3;CM;20;17-03-0034
HRE000130;ENS0009;MAT0006;6;3;PROJET;35;16-04-0023
HRE000131;ENS0009;MAT0004;43;3;CM;30;15-04-0020
HRE000132;ENS0009;MAT0028;39;3;PROJET;15;15-04-0021
HRE000133;ENS0009;MAT0024;7;3;CM;40;16-03-0024
HRE000134;ENS0009;MAT0017;26;3;TD;30;17-05-0011
HRE000135;ENS0009;MAT0026;52;3;TD;20;16-03-0012
HRE000136;ENS0009;MAT0028;53;3;PROJET;20;16-03-0012
HRE000137;ENS0009;MAT0004;18;3;TP;35;16-05-0033
HRE000138;ENS0009;MAT0017;33;3;TP;35;16-04-0031
HRE000139;ENS0010;MAT0014;13;3;TP;35;16-05-0017
HRE000140;ENS0010;MAT0002;22;3;PROJET;10;15-04-0033
HRE000141;ENS0010;MAT0004;45;3;TP;10;17-03-0011
HRE000142;ENS0010;MAT0011;5;3;TD;15;16-04-0019
HRE000143;ENS0010;MAT0004;4;3;PROJET;30;16-05-0032
HRE000144;ENS0010;MAT0021;3;3;CM;20;16-04-0031
HRE000145;ENS0010;MAT0031;32;3;PROJET;35;17-05-0026
HRE000146;ENS0010;MAT0009;4;3;CM;40;16-05-0017
HRE000147;ENS0010;MAT0006;1;3;PROJET;35;16-04-0019
HRE000148;ENS0010;MAT0033;32;3;TP;30;16-04-0019
HRE000149;ENS0010;MAT0011;51;3;TP;20;15-04-0032
HRE000150;ENS0010;MAT0013;48;3;CM;15;16-03-0024
HRE000151;ENS0010;MAT0018;8;3;CM;35;17-05-0034
HRE000152;ENS0010;MAT0013;53;3;TD;40;15-04-0024
HRE000153;ENS0010;MAT0026;45;3;PROJET;35;16-04-0007
HRE000154;ENS0010;MAT0020;8;3;CM;15;16-03-0017
HRE000155;ENS0010;MAT0014;15;3;CM;20;16-03-0024
HRE000156;ENS0010;MAT0031;34;3;CM;30;15-04-0016
HRE000157;ENS0010;MAT0035;45;3;TP;40;16-03-0012
HRE000158;ENS0010;MAT0031;36;3;PROJET;20;16-04-0023
HRE000159;ENS0011;MAT0005;11;3;TD;25;17-05-0010
HRE000160;ENS0011;MAT0030;20;3;PROJET;10;16-03-0028
HRE000161;ENS0011;MAT0007;56;3;CM;35;16-04-0015
HRE000162;ENS0011;MAT0010;2;3;PROJET;25;16-04-0026
HRE000163;ENS0011;MAT0011;42;3;CM;35;16-04-0030
HRE000164;ENS0011;MAT0014;12;3;PROJET;35;15-04-0032
HRE000165;ENS0012;MAT0030;14;3;PROJET;25;15-04-0012
HRE000166;ENS0012;MAT0008;45;3;TD;35;15-04-0033
HRE000167;ENS0012;MAT0030;14;3;TD;15;16-05-0029
HRE000168;ENS0012;MAT0030;45;3;PROJET;10;17-05-0023
HRE000169;ENS0012;MAT0012;42;3;PROJET;20;16-03-0032
HRE000170;ENS0012;MAT0018;23;3;PROJET;25;16-05-0029
HRE000171;ENS0012;MAT0029;12;3;PROJET;10;16-04-0027
HRE000172;ENS0012;MAT0022;47;3;PROJET;10;17-05-0034
HRE000173;ENS0012;MAT0029;51;3;CM;25;16-04-0015
HRE000174;ENS0012;MAT0023;31;3;TP;20;16-03-0025
HRE000175;ENS0012;MAT0033;12;3;CM;25;15-04-0009
HRE000176;ENS0012;MAT0019;24;3;CM;30;16-05-0029
HRE000177;ENS0012;MAT0014;7;3;TP;40;15-04-0016
HRE000178;ENS0012;MAT0020;9;3;TP;20;17-03-0027
HRE000179;ENS0013;MAT0035;10;3;PROJET;10;15-04-0012
HRE000180;ENS0013;MAT0002;52;3;TP;15;17-05-0019
HRE000181;ENS0013;MAT0023;35;3;CM;40;17-05-0011
HRE000182;ENS0013;MAT0007;38;3;CM;40;17-05-0010
HRE000183;ENS0013;MAT0005;51;3;PROJET;10;16-04-0034
HRE000184;ENS0013;MAT0023;41;3;TD;40;17-03-0019
HRE000185;ENS0013;MAT0010;43;3;PROJET;35;16-04-0007
HRE000186;ENS0013;MAT0032;20;3;TP;35;16-03-0009
HRE000187;ENS0014;MAT0011;10;3;CM;40;15-04-0012
HRE000188;ENS0014;MAT0033;52;3;TD;10;17-05-0011
HRE000189;ENS0014;MAT0025;1;3;TD;30;17-03-0030
HRE000190;ENS0014;MAT0023;35;3;CM;35;16-04-0031
HRE000191;ENS0014;MAT0015;16;3;PROJET;20;16-05-0016
HRE000192;ENS0014;MAT0031;52;3;PROJET;30;16-03-0013
HRE000193;ENS0014;MAT0028;7;3;PROJET;15;15-04-0029
HRE000194;ENS0014;MAT0027;13;3;CM;15;17-05-0018
HRE000195;ENS0014;MAT0023;11;3;CM;10;16-05-0033
HRE000196;ENS0014;MAT0034;18;3;CM;25;16-03-0008
HRE000197;ENS0015;MAT0031;44;3;CM;30;17-03-0026
HRE000198;ENS0015;MAT0033;40;3;TD;30;17-03-0027
HRE000199;ENS0015;MAT0035;45;3;TD;25;16-03-0025
HRE000200;ENS0015;MAT0013;18;3;TD;40;17-03-0014
HRE000201;ENS0015;MAT0001;44;3;CM;40;16-03-0021
HRE000202;ENS0015;MAT0003;22;3;TP;35;16-03-0033
HRE000203;ENS0015;MAT0011;31;3;CM;25;15-04-0021
HRE000204;ENS0015;MAT0016;49;3;CM;10;16-05-0032
HRE000205;ENS0015;MAT0031;10;3;TD;40;17-05-0018
HRE000206;ENS0015;MAT0026;56;3;TP;15;17-05-0023
HRE000207;ENS0015;MAT0017;7;3;CM;35;16-05-0029
HRE000208;ENS0015;MAT0016;36;3;CM;25;16-03-0020
HRE000209;ENS0015;MAT0007;33;3;TD;15;17-03-0014
HRE000210;ENS0015;MAT0025;45;3;TD;30;17-05-0023
HRE000211;ENS0016;MAT0005;29;3;TP;15;16-05-0033
HRE000212;ENS0016;MAT0011;21;3;TP;40;15-04-0021
HRE000213;ENS0016;MAT0031;31;3;TP;40;16-05-0029
HRE000214;ENS0016;MAT0016;38;3;CM;20;16-03-0017
HRE000215;ENS0016;MAT0025;48;3;CM;10;17-03-0007
HRE000216;ENS0016;MAT0018;1;3;TD;20;16-05-0020
HRE000217;ENS0016;MAT0013;20;3;PROJET;15;15-04-0025
HRE000218;ENS0017;MAT0029;42;3;CM;30;17-03-0026
HRE000219;ENS0017;MAT0016;14;3;CM;35;16-05-0021
HRE000220;ENS0017;MAT0034;54;3;TP;40;16-04-0007
HRE000221;ENS0017;MAT0023;3;3;PROJET;20;17-03-0015
HRE000222;ENS0017;MAT0018;46;3;TP;20;16-04-0031
HRE000223;ENS0017;MAT0022;49;3;TD;20;16-05-0025
HRE000224;ENS0017;MAT0030;2;3;PROJET;30;16-04-0026
HRE000225;ENS0017;MAT0004;2;3;TD;15;17-03-0034
HRE000226;ENS0017;MAT0027;13;3;TP;15;16-04-0030
HRE000227;ENS0017;MAT0002;54;3;PROJET;35;15-04-0012
HRE000228;ENS0017;MAT0029;39;3;CM;40;16-04-0034
HRE000229;ENS0017;MAT0008;7;3;PROJET;40;16-03-0009
HRE000230;ENS0017;MAT0017;21;3;CM;35;16-05-0033
HRE000231;ENS0017;MAT0025;30;3;TD;40;16-04-0018
HRE000232;ENS0017;MAT0028;45;3;TD;25;16-05-0009
HRE000233;ENS0017;MAT0014;44;3;TD;20;16-04-0027
HRE000234;ENS0017;MAT0033;25;3;TP;25;15-04-0009
HRE000235;ENS0017;MAT0010;39;3;CM;25;16-05-0009
HRE000236;ENS0018;MAT0020;26;3;TP;25;15-04-0024
HRE000237;ENS0018;MAT0019;11;3;CM;30;16-03-0021
HRE000238;ENS0018;MAT0032;25;3;CM;35;17-05-0011
HRE000239;ENS0018;MAT0026;23;3;PROJET;35;17-05-0019
HRE000240;ENS0018;MAT0005;38;3;TD;25;15-04-0033
HRE000241;ENS0018;MAT0035;27;3;TP;40;16-04-0019
HRE000242;ENS0018;MAT0008;43;3;PROJET;35;17-05-0010
HRE000243;ENS0018;MAT0027;31;3;CM;40;15-04-0021
HRE000244;ENS0018;MAT0020;29;3;CM;15;16-05-0009
HRE000245;ENS0018;MAT0013;23;3;PROJET;15;15-04-0012
HRE000246;ENS0018;MAT0032;22;3;CM;35;16-05-0021
HRE000247;ENS0018;MAT0032;32;3;PROJET;30;17-03-0015
HRE000248;ENS0018;MAT0013;56;3;TD;30;15-04-0025
HRE000249;ENS0018;MAT0030;8;3;PROJET;40;17-03-0030
HRE000250;ENS0018;MAT0005;14;3;TP;30;17-03-0027
HRE000251;ENS0018;MAT0028;25;3;CM;30;17-03-0019
HRE000252;ENS0018;MAT0017;14;3;CM;40;15-04-0025
HRE000253;ENS0018;MAT0019;4;3;PROJET;30;17-05-0010
HRE000254;ENS0019;MAT0024;29;3;PROJET;35;16-03-0013
HRE000255;ENS0019;MAT0015;55;3;TD;15;15-04-0020
HRE000256;ENS0019;MAT0026;52;3;CM;20;16-05-0009
HRE000257;ENS0019;MAT0016;7;3;PROJET;25;17-05-0007
HRE000258;ENS0019;MAT0003;8;3;TD;30;16-04-0034
HRE000259;ENS0019;MAT0024;14;3;TP;15;17-05-0026
HRE000260;ENS0019;MAT0008;14;3;PROJET;15;16-03-0017
HRE000261;ENS0020;MAT0024;44;3;CM;20;16-03-0020
HRE000262;ENS0020;MAT0002;54;3;TP;10;15-04-0008
HRE000263;ENS0020;MAT0012;28;3;PROJET;20;17-05-0026
HRE000264;ENS0020;MAT0007;28;3;TP;10;17-05-0010
HRE000265;ENS0020;MAT0002;46;3;CM;35;17-03-0010
HRE000266;ENS0020;MAT0032;2;3;TD;35;16-05-0028
HRE000267;ENS0021;MAT0032;4;3;TD;15;17-03-0026
HRE000268;ENS0021;MAT0018;8;3;PROJET;10;16-04-0019
HRE000269;ENS0021;MAT0018;41;3;CM;35;17-05-0018
HRE000270;ENS0021;MAT0024;33;3;TP;30;15-04-0025
HRE000271;ENS0021;MAT0023;15;3;TD;25;16-05-0029
HRE000272;ENS0021;MAT0015;38;3;TP;35;16-03-0012
HRE000273;ENS0021;MAT0017;52;3;TP;10;16-04-0018
HRE000274;ENS0021;MAT0016;10;3;CM;25;15-04-0008
HRE000275;ENS0021;MAT0022;2;3;TD;10;15-04-0028
HRE000276;ENS0021;MAT0019;39;3;TD;35;17-03-0023
HRE000277;ENS0021;MAT0011;19;3;TP;40;15-04-0033
HRE000278;ENS0021;MAT0010;48;3;CM;20;16-05-0029
HRE000279;ENS0022;MAT0035;44;3;TP;40;16-03-0013
HRE000280;ENS0022;MAT0029;16;3;TP;30;17-03-0031
HRE000281;ENS0022;MAT0005;28;3;TP;30;15-04-0017
HRE000282;ENS0022;MAT0015;32;3;PROJET;10;16-04-0015
HRE000283;ENS0022;MAT0006;4;3;CM;15;16-05-0029
HRE000284;ENS0022;MAT0023;53;3;TP;40;17-05-0026
HRE000285;ENS0022;MAT0033;41;3;TD;40;16-05-0021
HRE000286;ENS0022;MAT0022;26;3;PROJET;20;16-04-0015
HRE000287;ENS0022;MAT0032;37;3;PROJET;25;15-04-0017
HRE000288;ENS0022;MAT0017;21;3;TD;30;16-04-0011
HRE000289;ENS0022;MAT0027;23;3;PROJET;30;17-05-0030
HRE000290;ENS0022;MAT0020;37;3;CM;10;16-04-0010
HRE000291;ENS0022;MAT0034;49;3;PROJET;25;16-03-0032
HRE000292;ENS0022;MAT0012;44;3;TP;25;17-03-0031
HRE000293;ENS0022;MAT0019;51;3;PROJET;25;16-03-0013
HRE000294;ENS0023;MAT0015;20;3;CM;20;16-04-0022
HRE000295;ENS0023;MAT0011;31;3;TP;30;16-03-0021
HRE000296;ENS0023;MAT0019;49;3;TD;15;16-04-0034
HRE000297;ENS0023;MAT0035;56;3;CM;30;16-03-0025
HRE000298;ENS0023;MAT0022;23;3;PROJET;40;16-04-0011
HRE000299;ENS0023;MAT0033;54;3;TD;15;17-05-0015
HRE000300;ENS0023;MAT0034;33;3;PROJET;35;16-03-0009
HRE000301;ENS0023;MAT0010;41;3;TD;30;16-05-0029
HRE000302;ENS0023;MAT0018;14;3;TD;35;17-03-0011
HRE000303;ENS0023;MAT0022;39;3;TD;40;17-03-0010
HRE000304;ENS0023;MAT0015;35;3;TD;40;16-03-0017
HRE000305;ENS0023;MAT0026;51;3;CM;35;15-04-0020
HRE000306;ENS0023;MAT0018;35;3;PROJET;20;16-03-0009
HRE000307;ENS0024;MAT0033;46;3;TP;10;16-04-0034
HRE000308;ENS0024;MAT0015;14;3;TP;10;16-03-0009
HRE000309;ENS0024;MAT0008;19;3;CM;30;16-05-0032
HRE000310;ENS0024;MAT0031;53;3;CM;25;17-05-0022
HRE000311;ENS0024;MAT0027;36;3;TP;15;17-03-0007
HRE000312;ENS0024;MAT0006;8;3;TD;20;17-03-0007
HRE000313;ENS0024;MAT0023;45;3;CM;25;17-03-0018
HRE000314;ENS0024;MAT0025;3;3;TP;25;17-03-0027
HRE000315;ENS0024;MAT0031;42;3;CM;20;16-03-0012
HRE000316;ENS0024;MAT0019;49;3;CM;20;17-05-0023
HRE000317;ENS0024;MAT0034;47;3;TD;40;15-04-0016
HRE000318;ENS0024;MAT0013;37;3;TD;20;16-05-0028
HRE000319;ENS0024;MAT0018;23;3;CM;20;15-04-0025
HRE000320;ENS0024;MAT0019;2;3;TP;35;15-04-0020
HRE000321;ENS0024;MAT0030;15;3;TD;35;15-04-0028
HRE000322;ENS0024;MAT0025;41;3;PROJET;35;15-04-0033
HRE000323;ENS0024;MAT0021;46;3;PROJET;25;17-03-0019
HRE000324;ENS0024;MAT0009;32;3;TD;15;17-03-0023
HRE000325;ENS0024;MAT0020;1;3;PROJET;15;16-04-0007
HRE000326;ENS0025;MAT0003;47;3;TP;35;16-05-0033
HRE000327;ENS0025;MAT0027;36;3;TP;25;16-05-0032
HRE000328;ENS0025;MAT0025;50;3;PROJET;40;17-03-0022
HRE000329;ENS0025;MAT0008;47;3;TP;15;17-03-0023
HRE000330;ENS0025;MAT0005;46;3;TP;10;16-05-0009
HRE000331;ENS0025;MAT0019;32;3;PROJET;40;17-03-0011
HRE000332;ENS0025;MAT0004;52;3;TP;20;15-04-0017
HRE000333;ENS0025;MAT0025;50;3;TP;30;17-03-0027
HRE000334;ENS0025;MAT0002;50;3;TD;15;16-03-0012
HRE000335;ENS0025;MAT0026;52;3;TP;25;17-05-0011
HRE000336;ENS0025;MAT0018;54;3;PROJET;10;15-04-0024
HRE000337;ENS0026;MAT0016;20;3;TP;40;16-04-0007
HRE000338;ENS0026;MAT0021;52;3;PROJET;40;17-03-0026
HRE000339;ENS0026;MAT0022;31;3;PROJET;10;16-04-0030
HRE000340;ENS0026;MAT0014;55;3;TD;10;17-05-0018
HRE000341;ENS0026;MAT0024;8;3;TP;30;16-05-0012
HRE000342;ENS0026;MAT0024;27;3;TP;25;16-05-0025
HRE000343;ENS0026;MAT0003;52;3;CM;30;16-03-0013
HRE000344;ENS0026;MAT0025;49;3;PROJET;35;16-05-0024
HRE000345;ENS0026;MAT0027;27;3;CM;10;16-05-0033
HRE000346;ENS0026;MAT0018;10;3;TP;10;16-04-0034
HRE000347;ENS0026;MAT0002;52;3;TD;15;16-04-0018
HRE000348;ENS0026;MAT0023;50;3;CM;20;17-03-0022
HRE000349;ENS0026;MAT0006;22;3;TD;25;17-03-0030
HRE000350;ENS0026;MAT0019;49;3;TD;25;16-03-0016
HRE000351;ENS0026;MAT0010;34;3;PROJET;30;16-04-0007
HRE000352;ENS0026;MAT0010;27;3;PROJET;40;16-05-0009
HRE000353;ENS0027;MAT0026;37;3;PROJET;10;16-03-0032
HRE000354;ENS0027;MAT0032;16;3;TP;15;16-03-0029
HRE000355;ENS0027;MAT0019;56;3;TD;25;16-03-0028
HRE000356;ENS0027;MAT0016;31;3;TD;25;15-04-0029
HRE000357;ENS0027;MAT0016;37;3;TD;20;17-03-0011
HRE000358;ENS0027;MAT0024;6;3;TP;40;16-03-0024
HRE000359;ENS0027;MAT0023;24;3;TD;10;16-05-0032
HRE000360;ENS0027;MAT0010;34;3;PROJET;15;16-05-0033
HRE000361;ENS0027;MAT0032;7;3;TD;15;16-05-0008
HRE000362;ENS0027;MAT0021;7;3;TP;30;17-05-0026
HRE000363;ENS0027;MAT0001;51;3;TD;10;15-04-0025
HRE000364;ENS0027;MAT0012;1;3;CM;35;16-05-0012
HRE000365;ENS0027;MAT0032;41;3;TP;30;17-05-0031
HRE000366;ENS0027;MAT0002;40;3;PROJET;20;16-03-0008
HRE000367;ENS0027;MAT0001;39;3;TD;20;17-03-0030
HRE000368;ENS0027;MAT0016;19;3;PROJET;15;16-03-0033
HRE000369;ENS0028;MAT0021;16;3;CM;10;15-04-0028
HRE000370;ENS0028;MAT0006;31;3;TD;40;16-03-0024
HRE000371;ENS0028;MAT0007;48;3;TP;25;17-03-0023
HRE000372;ENS0028;MAT0025;51;3;CM;10;16-03-0024
HRE000373;ENS0028;MAT0026;48;3;TD;20;16-05-0033
HRE000374;ENS0028;MAT0034;12;3;TP;10;17-05-0034
HRE000375;ENS0028;MAT0006;50;3;TD;40;16-04-0027
HRE000376;ENS0028;MAT0031;25;3;TD;15;16-05-0025
HRE000377;ENS0028;MAT0028;55;3;PROJET;35;15-04-0021
HRE000378;ENS0028;MAT0029;15;3;TP;35;16-03-0033
HRE000379;ENS0028;MAT0025;13;3;PROJET;40;15-04-0008
HRE000380;ENS0028;MAT0017;36;3;TP;30;17-03-0019
HRE000381;ENS0028;MAT0005;8;3;TP;30;16-04-0014
HRE000382;ENS0028;MAT0011;21;3;CM;30;16-03-0017
HRE000383;ENS0029;MAT0013;44;3;CM;10;15-04-0029
HRE000384;ENS0029;MAT0005;10;3;TD;10;17-05-0027
HRE000385;ENS0029;MAT0031;51;3;TP;10;17-03-0027
HRE000386;ENS0029;MAT0032;41;3;TD;40;16-04-0022
HRE000387;ENS0029;MAT0002;40;3;TP;30;16-05-0009
HRE000388;ENS0029;MAT0028;28;3;PROJET;10;16-04-0034
HRE000389;ENS0029;MAT0023;11;3;PROJET;20;16-03-0028
HRE000390;ENS0029;MAT0007;20;3;PROJET;15;16-04-0011
HRE000391;ENS0029;MAT0016;19;3;TP;30;15-04-0024
HRE000392;ENS0029;MAT0003;2;3;TP;20;16-05-0016
HRE000393;ENS0029;MAT0004;20;3;TD;15;17-05-0027
HRE000394;ENS0029;MAT0025;55;3;TP;10;17-03-0026
HRE000395;ENS0029;MAT0022;13;3;PROJET;30;17-03-0007
HRE000396;ENS0029;MAT0029;52;3;PROJET;10;16-04-0022
HRE000397;ENS0029;MAT0029;50;3;CM;25;16-05-0016
HRE000398;ENS0029;MAT0027;49;3;TD;10;15-04-0009
HRE000399;ENS0029;MAT0005;45;3;TP;35;17-05-0030
HRE000400;ENS0029;MAT0016;21;3;CM;30;16-04-0034
HRE000401;ENS0029;MAT0004;54;3;CM;20;16-04-0019
HRE000402;ENS0030;MAT0009;43;3;TP;30;17-03-0015
HRE000403;ENS0030;MAT0010;45;3;CM;40;16-03-0033
HRE000404;ENS0030;MAT0034;2;3;PROJET;20;16-04-0027
HRE000405;ENS0030;MAT0020;21;3;TP;20;16-03-0013
HRE000406;ENS0030;MAT0024;13;3;TP;35;16-04-0034
HRE000407;ENS0030;MAT0021;6;3;TP;25;15-04-0020
HRE000408;ENS0030;MAT0023;10;3;TP;35;16-04-0010
HRE000409;ENS0030;MAT0029;53;3;PROJET;15;15-04-0021
HRE000410;ENS0030;MAT0017;26;3;CM;20;17-05-0018
HRE000411;ENS0030;MAT0005;33;3;TP;15;17-05-0015
HRE000412;ENS0030;MAT0028;41;3;TP;10;16-03-0016
HRE000413;ENS0030;MAT0003;8;3;PROJET;25;16-05-0024
HRE000414;ENS0031;MAT0020;23;3;TP;40;17-03-0031
HRE000415;ENS0031;MAT0016;38;3;TP;40;17-05-0022
HRE000416;ENS0031;MAT0017;40;3;PROJET;10;16-03-0009
HRE000417;ENS0031;MAT0025;2;3;TD;25;16-03-0013
HRE000418;ENS0031;MAT0034;8;3;TD;35;17-03-0007
HRE000419;ENS0031;MAT0005;46;3;TP;10;16-04-0015
HRE000420;ENS0031;MAT0012;44;3;CM;10;15-04-0028
HRE000421;ENS0032;MAT0002;28;3;TP;25;15-04-0008
HRE000422;ENS0032;MAT0001;19;3;PROJET;10;17-05-0019
HRE000423;ENS0032;MAT0011;39;3;PROJET;25;17-03-0022
HRE000424;ENS0032;MAT0032;7;3;TD;20;17-05-0034
HRE000425;ENS0032;MAT0006;12;3;TD;35;16-05-0024
HRE000426;ENS0032;MAT0017;54;3;CM;25;15-04-0021
HRE000427;ENS0032;MAT0007;1;3;TD;40;16-05-0025
HRE000428;ENS0032;MAT0030;8;3;TD;20;17-05-0014
HRE000429;ENS0032;MAT0012;8;3;PROJET;30;16-05-0013
HRE000430;ENS0032;MAT0007;53;3;PROJET;35;16-04-0011
HRE000431;ENS0032;MAT0027;2;3;TD;30;17-03-0030
HRE000432;ENS0032;MAT0032;30;3;CM;35;16-04-0018
HRE000433;ENS0032;MAT0030;4;3;TP;15;16-04-0015
HRE000434;ENS0032;MAT0031;48;3;PROJET;25;16-03-0021
HRE000435;ENS0033;MAT0032;28;3;TD;15;16-04-0011
HRE000436;ENS0033;MAT0014;25;3;TD;10;16-04-0031
HRE000437;ENS0033;MAT0029;50;3;PROJET;15;17-03-0034
HRE000438;ENS0033;MAT0035;19;3;TP;10;16-04-0018
HRE000439;ENS0033;MAT0010;11;3;PROJET;25;15-04-0012
HRE000440;ENS0033;MAT0006;6;3;CM;25;16-04-0027
HRE000441;ENS0033;MAT0031;21;3;TP;30;17-05-0019
HRE000442;ENS0033;MAT0002;41;3;CM;25;16-04-0018
HRE000443;ENS0033;MAT0032;5;3;PROJET;30;17-03-0018
HRE000444;ENS0033;MAT0030;3;3;TP;35;16-05-0032
HRE000445;ENS0033;MAT0005;34;3;CM;15;16-05-0009
HRE000446;ENS0033;MAT0002;16;3;PROJET;30;15-04-0024
HRE000447;ENS0033;MAT0032;27;3;PROJET;10;17-03-0026
HRE000448;ENS0033;MAT0019;56;3;TD;40;15-04-0021
HRE000449;ENS0033;MAT0020;21;3;CM;35;16-04-0011
HRE000450;ENS0033;MAT0001;40;3;TP;15;16-05-0008
HRE000451;ENS0033;MAT0020;52;3;TP;10;16-03-0008
HRE000452;ENS0033;MAT0017;26;3;TP;30;16-04-0030
HRE000453;ENS0034;MAT0018;30;3;TP;25;15-04-0012
HRE000454;ENS0034;MAT0012;12;3;PROJET;20;17-05-0030
HRE000455;ENS0034;MAT0011;54;3;CM;15;17-05-0030
HRE000456;ENS0034;MAT0004;19;3;PROJET;15;17-03-0007
HRE000457;ENS0034;MAT0011;53;3;TP;20;15-04-0033
HRE000458;ENS0034;MAT0031;33;3;TD;40;17-03-0030
HRE000459;ENS0034;MAT0023;30;3;TD;30;17-03-0007
HRE000460;ENS0034;MAT0030;16;3;TP;10;15-04-0016
HRE000461;ENS0034;MAT0020;32;3;CM;25;16-05-0020
HRE000462;ENS0034;MAT0006;1;3;PROJET;20;17-03-0031
HRE000463;ENS0034;MAT0029;22;3;TD;20;17-05-0015
HRE000464;ENS0034;MAT0011;23;3;TP;35;15-04-0029
HRE000465;ENS0034;MAT0026;13;3;TD;40;16-03-0033
HRE000466;ENS0034;MAT0007;43;3;TP;25;15-04-0028
HRE000467;ENS0035;MAT0020;27;3;TP;30;15-04-0013
HRE000468;ENS0035;MAT0028;23;3;TD;30;17-03-0034
HRE000469;ENS0035;MAT0029;2;3;CM;25;16-04-0007
HRE000470;ENS0035;MAT0016;45;3;PROJET;30;16-05-0025
HRE000471;ENS0035;MAT0018;24;3;TD;20;16-03-0032
HRE000472;ENS0036;MAT0008;46;3;PROJET;35;17-03-0014
HRE000473;ENS0036;MAT0012;5;3;TD;25;17-05-0018
HRE000474;ENS0036;MAT0002;11;3;PROJET;25;16-04-0030
HRE000475;ENS0036;MAT0004;28;3;TD;40;16-04-0018
HRE000476;ENS0036;MAT0017;16;3;CM;30;15-04-0020
HRE000477;ENS0036;MAT0021;14;3;TD;25;16-05-0032
HRE000478;ENS0036;MAT0034;41;3;CM;35;16-04-0030
HRE000479;ENS0036;MAT0028;1;3;CM;15;17-03-0007
HRE000480;ENS0036;MAT0006;38;3;TP;30;16-03-0032
HRE000481;ENS0036;MAT0001;43;3;TD;25;17-05-0011
HRE000482;ENS0036;MAT0004;20;3;CM;30;17-05-0015
HRE000483;ENS0036;MAT0023;51;3;CM;15;16-03-0009
HRE000484;ENS0036;MAT0024;51;3;TD;20;16-04-0011
HRE000485;ENS0037;MAT0032;19;3;TD;35;16-05-0020
HRE000486;ENS0037;MAT0019;16;3;TP;20;16-05-0032
HRE000487;ENS0037;MAT0021;53;3;TD;30;17-05-0007
HRE000488;ENS0037;MAT0032;11;3;PROJET;35;15-04-0009
HRE000489;ENS0037;MAT0020;18;3;TP;20;16-04-0011
HRE000490;ENS0037;MAT0008;52;3;CM;15;15-04-0025
HRE000491;ENS0037;MAT0028;21;3;TD;10;17-05-0023
HRE000492;ENS0037;MAT0010;24;3;PROJET;25;17-03-0019
HRE000493;ENS0037;MAT0034;25;3;TD;35;16-05-0013
HRE000494;ENS0037;MAT0030;25;3;TD;35;17-03-0010
HRE000495;ENS0037;MAT0032;48;3;PROJET;35;16-03-0009
HRE000496;ENS0037;MAT0015;16;3;CM;10;17-03-0010
HRE000497;ENS0037;MAT0028;51;3;CM;15;17-03-0011
HRE000498;ENS0037;MAT0026;12;3;TD;30;16-03-0008
HRE000499;ENS0037;MAT0014;56;3;PROJET;15;16-04-0030
HRE000500;ENS0038;MAT0020;23;3;PROJET;20;16-04-0030
HRE000501;ENS0038;MAT0007;38;3;PROJET;10;16-03-0013
HRE000502;ENS0038;MAT0027;1;3;CM;40;16-05-0021
HRE000503;ENS0038;MAT0013;46;3;TP;20;17-03-0011
HRE000504;ENS0038;MAT0003;39;3;TP;10;16-03-0020
HRE000505;ENS0038;MAT0015;8;3;CM;40;17-03-0022
HRE000506;ENS0038;MAT0005;30;3;TP;25;15-04-0008
HRE000507;ENS0038;MAT0035;31;3;TD;25;17-03-0027
HRE000508;ENS0038;MAT0020;10;3;TD;10;17-03-0007
HRE000509;ENS0038;MAT0028;35;3;CM;20;17-05-0023
HRE000510;ENS0038;MAT0006;39;3;PROJET;10;15-04-0033
HRE000511;ENS0038;MAT0029;44;3;CM;35;15-04-0029
HRE000512;ENS0039;MAT0020;6;3;TD;20;16-05-0020
HRE000513;ENS0039;MAT0007;36;3;CM;25;16-05-0025
HRE000514;ENS0039;MAT0033;21;3;CM;15;16-05-0032
HRE000515;ENS0039;MAT0017;51;3;PROJET;30;15-04-0016
HRE000516;ENS0039;MAT0021;35;3;CM;25;16-03-0008
HRE000517;ENS0039;MAT0012;36;3;TP;15;16-03-0029
HRE000518;ENS0039;MAT0028;55;3;TP;10;16-04-0026
HRE000519;ENS0039;MAT0014;22;3;PROJET;15;16-05-0012
HRE000520;ENS0039;MAT0011;29;3;PROJET;40;16-03-0013
HRE000521;ENS0039;MAT0029;56;3;PROJET;30;17-03-0015
HRE000522;ENS0039;MAT0008;48;3;CM;40;16-04-0022
HRE000523;ENS0039;MAT0005;16;3;PROJET;40;15-04-0017
HRE000524;ENS0039;MAT0007;39;3;TD;40;16-05-0020
HRE000525;ENS0039;MAT0004;51;3;PROJET;30;16-05-0024
HRE000526;ENS0039;MAT0027;16;3;CM;15;16-04-0015
HRE000527;ENS0039;MAT0033;36;3;TP;30;17-03-0022
HRE000528;ENS0039;MAT0014;29;3;TP;30;16-04-0015
HRE000529;ENS0039;MAT0010;45;3;CM;35;17-03-0026
HRE000530;ENS0039;MAT0024;36;3;PROJET;20;16-04-0015
HRE000531;ENS0039;MAT0010;19;3;PROJET;30;16-03-0017
HRE000532;ENS0040;MAT0007;55;3;PROJET;15;17-03-0011
HRE000533;ENS0040;MAT0002;45;3;PROJET;20;16-03-0025
HRE000534;ENS0040;MAT0010;45;3;TD;20;16-04-0019
HRE000535;ENS0040;MAT0030;14;3;PROJET;25;16-03-0016
HRE000536;ENS0040;MAT0026;32;3;TP;35;17-03-0026
HRE000537;ENS0040;MAT0016;38;3;TP;30;16-04-0018
HRE000538;ENS0040;MAT0011;28;3;PROJET;15;16-04-0022
HRE000539;ENS0041;MAT0018;38;3;CM;25;15-04-0016
HRE000540;ENS0041;MAT0025;53;3;CM;30;17-03-0015
HRE000541;ENS0041;MAT0004;21;3;TP;40;15-04-0028
HRE000542;ENS0041;MAT0007;19;3;CM;35;15-04-0025
HRE000543;ENS0041;MAT0015;46;3;TD;35;16-05-0024
HRE000544;ENS0041;MAT0022;16;3;TP;40;16-05-0021
HRE000545;ENS0041;MAT0004;19;3;TP;30;17-05-0015
HRE000546;ENS0041;MAT0032;27;3;TP;15;16-04-0018
HRE000547;ENS0041;MAT0009;53;3;TP;30;17-03-0022
HRE000548;ENS0041;MAT0031;32;3;TD;10;17-05-0018
HRE000549;ENS0041;MAT0010;18;3;TD;25;15-04-0012
HRE000550;ENS0041;MAT0018;41;3;PROJET;20;16-05-0021
HRE000551;ENS0042;MAT0011;40;3;PROJET;25;15-04-0016
HRE000552;ENS0042;MAT0011;44;3;TP;15;16-04-0031
HRE000553;ENS0042;MAT0018;8;3;CM;15;16-04-0018
HRE000554;ENS0042;MAT0018;54;3;PROJET;40;17-05-0031
HRE000555;ENS0042;MAT0010;34;3;TP;15;16-05-0029
HRE000556;ENS0042;MAT0028;27;3;TD;25;16-03-0008
HRE000557;ENS0042;MAT0033;43;3;PROJET;15;16-05-0017
HRE000558;ENS0042;MAT0015;47;3;TD;20;17-05-0019
HRE000559;ENS0042;MAT0025;36;3;CM;35;16-05-0012
HRE000560;ENS0042;MAT0031;40;3;TP;30;15-04-0024
HRE000561;ENS0042;MAT0029;38;3;TD;10;16-04-0018
HRE000562;ENS0042;MAT0018;9;3;TD;25;16-03-0013
HRE000563;ENS0042;MAT0019;32;3;CM;25;15-04-0025
HRE000564;ENS0042;MAT0011;34;3;CM;40;16-05-0016
HRE000565;ENS0042;MAT0024;2;3;PROJET;25;17-03-0027
HRE000566;ENS0042;MAT0014;16;3;PROJET;15;17-05-0014
HRE000567;ENS0042;MAT0024;54;3;TD;20;16-05-0033
HRE000568;ENS0042;MAT0034;32;3;TD;20;15-04-0033
HRE000569;ENS0042;MAT0004;23;3;TP;25;16-05-0021
HRE000570;ENS0042;MAT0003;31;3;PROJET;25;17-05-0014
HRE000571;ENS0043;MAT0021;43;3;TD;35;16-03-0025
HRE000572;ENS0043;MAT0010;30;3;CM;35;16-04-0007
HRE000573;ENS0043;MAT0028;7;3;CM;35;16-05-0032
HRE000574;ENS0043;MAT0003;3;3;PROJET;10;15-04-0025
HRE000575;ENS0043;MAT0020;22;3;CM;15;16-05-0017
HRE000576;ENS0043;MAT0027;36;3;PROJET;25;17-05-0018
HRE000577;ENS0043;MAT0003;27;3;TD;15;16-04-0011
HRE000578;ENS0043;MAT0027;28;3;PROJET;35;15-04-0032
HRE000579;ENS0043;MAT0009;3;3;TP;15;17-03-0019
HRE000580;ENS0043;MAT0027;31;3;CM;40;17-05-0034
HRE000581;ENS0043;MAT0009;52;3;TP;20;15-04-0008
HRE000582;ENS0043;MAT0016;28;3;PROJET;25;16-05-0013
HRE000583;ENS0044;MAT0018;53;3;TP;35;16-04-0026
HRE000584;ENS0044;MAT0016;31;3;PROJET;10;15-04-0016
HRE000585;ENS0044;MAT0013;20;3;PROJET;15;16-03-0020
HRE000586;ENS0044;MAT0007;22;3;CM;15;16-04-0031
HRE000587;ENS0044;MAT0013;21;3;PROJET;10;17-05-0018
HRE000588;ENS0044;MAT0033;10;3;TD;25;17-03-0010
HRE000589;ENS0044;MAT0027;45;3;TD;20;16-03-0020
HRE000590;ENS0044;MAT0016;11;3;PROJET;10;16-05-0024
HRE000591;ENS0044;MAT0015;32;3;TD;20;16-05-0016
HRE000592;ENS0044;MAT0005;55;3;TP;25;15-04-0024
HRE000593;ENS0044;MAT0001;35;3;TP;30;17-05-0022
HRE000594;ENS0044;MAT0029;25;3;CM;10;16-04-0015
HRE000595;ENS0044;MAT0026;43;3;PROJET;15;16-04-0030
HRE000596;ENS0044;MAT0003;31;3;TP;40;16-03-0013
HRE000597;ENS0044;MAT0023;49;3;CM;10;16-05-0033
HRE000598;ENS0044;MAT0034;19;3;PROJET;15;17-03-0007
HRE000599;ENS0044;MAT0030;39;3;CM;30;16-03-0024
HRE000600;ENS0044;MAT0033;45;3;TP;30;16-03-0028
HRE000601;ENS0044;MAT0007;46;3;TD;30;17-03-0018
HRE000602;ENS0044;MAT0023;31;3;CM;25;16-04-0010
HRE000603;ENS0045;MAT0010;42;3;PROJET;40;16-05-0024
HRE000604;ENS0045;MAT0032;44;3;TD;35;16-05-0025
HRE000605;ENS0045;MAT0009;14;3;CM;30;17-05-0030
HRE000606;ENS0045;MAT0015;54;3;PROJET;25;17-05-0027
HRE000607;ENS0045;MAT0025;37;3;TD;15;16-05-0016
HRE000608;ENS0045;MAT0018;23;3;TP;15;16-03-0017
HRE000609;ENS0045;MAT0028;4;3;TP;25;16-05-0012
HRE000610;ENS0045;MAT0032;16;3;TP;35;16-05-0008
HRE000611;ENS0045;MAT0033;52;3;TD;15;16-05-0033
HRE000612;ENS0045;MAT0031;55;3;TD;40;16-04-0034
HRE000613;ENS0045;MAT0014;55;3;PROJET;40;17-03-0022
HRE000614;ENS0045;MAT0024;4;3;PROJET;20;16-03-0013
HRE000615;ENS0045;MAT0029;37;3;TP;40;17-05-0014
HRE000616;ENS0045;MAT0005;37;3;TD;20;15-04-0028
HRE000617;ENS0045;MAT0021;49;3;PROJET;40;16-04-0018
HRE000618;ENS0045;MAT0023;7;3;TP;10;17-03-0011
HRE000619;ENS0045;MAT0034;56;3;TP;35;16-03-0025
HRE000620;ENS0045;MAT0027;7;3;TD;10;15-04-0008
HRE000621;ENS0045;MAT0030;42;3;TP;40;16-03-0012
HRE000622;ENS0046;MAT0034;21;3;CM;15;15-04-0021
HRE000623;ENS0046;MAT0020;33;3;TD;15;16-04-0030
HRE000624;ENS0046;MAT0001;39;3;PROJET;30;15-04-0021
HRE000625;ENS0046;MAT0001;3;3;TP;25;15-04-0016
HRE000626;ENS0046;MAT0006;39;3;CM;35;16-03-0013
HRE000627;ENS0047;MAT0022;22;3;TD;10;16-03-0012
HRE000628;ENS0047;MAT0032;40;3;TP;15;16-03-0016
HRE000629;ENS0047;MAT0008;50;3;TP;25;16-05-0029
HRE000630;ENS0047;MAT0027;51;3;TP;20;16-03-0009
HRE000631;ENS0047;MAT0021;30;3;TP;40;16-03-0028
HRE000632;ENS0047;MAT0028;43;3;TP;15;15-04-0013
HRE000633;ENS0047;MAT0011;3;3;TD;40;16-04-0019
HRE000634;ENS0047;MAT0025;20;3;PROJET;25;17-03-0031
HRE000635;ENS0047;MAT0023;25;3;TD;30;16-05-0009
HRE000636;ENS0047;MAT0019;1;3;PROJET;10;16-03-0033
HRE000637;ENS0047;MAT0033;11;3;TP;25;15-04-0032
HRE000638;ENS0047;MAT0020;45;3;PROJET;30;16-04-0010
HRE000639;ENS0047;MAT0019;42;3;TP;15;16-05-0016
HRE000640;ENS0048;MAT0024;23;3;TD;25;17-05-0027
HRE000641;ENS0048;MAT0026;45;3;TP;20;15-04-0028
HRE000642;ENS0048;MAT0022;4;3;CM;20;17-05-0023
HRE000643;ENS0048;MAT0024;21;3;TD;35;15-04-0020
HRE000644;ENS0048;MAT0003;54;3;TP;25;16-03-0028
HRE000645;ENS0048;MAT0034;33;3;PROJET;25;17-05-0034
HRE000646;ENS0048;MAT0015;7;3;CM;30;16-05-0028
HRE000647;ENS0048;MAT0011;41;3;TD;30;17-03-0023
HRE000648;ENS0048;MAT0019;44;3;CM;30;16-03-0029
HRE000649;ENS0048;MAT0034;46;3;PROJET;25;16-05-0032
HRE000650;ENS0048;MAT0020;41;3;TP;15;16-03-0012
HRE000651;ENS0048;MAT0014;48;3;CM;30;16-03-0008
HRE000652;ENS0048;MAT0025;36;3;CM;25;16-03-0021
HRE000653;ENS0048;MAT0035;17;3;CM;20;17-03-0018
HRE000654;ENS0048;MAT0035;29;3;TP;20;15-04-0032
HRE000655;ENS0049;MAT0008;13;3;TP;20;17-05-0030
HRE000656;ENS0049;MAT0026;49;3;CM;40;17-05-0022
HRE000657;ENS0049;MAT0006;47;3;TP;25;16-03-0033
HRE000658;ENS0049;MAT0010;40;3;TD;20;17-05-0019
HRE000659;ENS0049;MAT0035;4;3;CM;15;17-03-0014
HRE000660;ENS0049;MAT0027;40;3;PROJET;15;16-03-0029
HRE000661;ENS0049;MAT0012;20;3;TP;25;17-05-0018
HRE000662;ENS0049;MAT0008;56;3;TD;40;17-03-0027
HRE000663;ENS0049;MAT0020;18;3;PROJET;10;16-05-0032
HRE000664;ENS0049;MAT0035;18;3;PROJET;25;17-03-0022
HRE000665;ENS0050;MAT0031;25;3;TP;20;16-04-0007
HRE000666;ENS0050;MAT0008;4;3;CM;20;17-05-0027
HRE000667;ENS0050;MAT0006;20;3;CM;20;17-03-0027
HRE000668;ENS0050;MAT0004;55;3;TD;30;17-05-0027
HRE000669;ENS0050;MAT0003;45;3;TP;25;16-04-0019
HRE000670;ENS0050;MAT0018;12;3;CM;10;17-05-0027
HRE000671;ENS0050;MAT0022;7;3;TP;40;16-03-0032
HRE000672;ENS0050;MAT0024;15;3;TP;10;17-05-0019
HRE000673;ENS0050;MAT0003;52;3;PROJET;25;16-04-0018
HRE000674;ENS0050;MAT0012;17;3;PROJET;20;17-03-0031
HRE000675;ENS0050;MAT0018;43;3;TD;25;16-04-0026
HRE000676;ENS0050;MAT0001;21;3;CM;20;16-03-0029
HRE000677;ENS0050;MAT0030;21;3;TD;35;16-04-0031
HRE000678;ENS0050;MAT0009;31;3;TP;40;16-04-0019
HRE000679;ENS0051;MAT0002;12;3;TP;30;15-04-0013
HRE000680;ENS0051;MAT0010;28;3;CM;15;15-04-0008
HRE000681;ENS0051;MAT0021;45;3;PROJET;35;15-04-0032
HRE000682;ENS0051;MAT0014;49;3;CM;10;16-04-0030
HRE000683;ENS0051;MAT0011;4;3;TD;20;17-05-0007
HRE000684;ENS0051;MAT0011;48;3;PROJET;20;16-04-0007
HRE000685;ENS0052;MAT0026;41;3;CM;15;16-04-0027
HRE000686;ENS0052;MAT0017;55;3;PROJET;40;17-03-0011
HRE000687;ENS0052;MAT0005;26;3;PROJET;10;16-04-0023
HRE000688;ENS0052;MAT0003;2;3;PROJET;25;16-04-0015
HRE000689;ENS0052;MAT0017;17;3;PROJET;10;16-04-0014
HRE000690;ENS0052;MAT0028;26;3;TD;35;17-05-0019
HRE000691;ENS0052;MAT0033;22;3;PROJET;35;17-03-0022
HRE000692;ENS0052;MAT0014;11;3;CM;35;17-03-0023
HRE000693;ENS0052;MAT0013;31;3;PROJET;20;16-04-0027
HRE000694;ENS0052;MAT0031;5;3;PROJET;10;16-03-0009
HRE000695;ENS0052;MAT0035;26;3;TP;20;16-04-0023
HRE000696;ENS0052;MAT0008;9;3;PROJET;25;16-03-0009
HRE000697;ENS0052;MAT0004;3;3;TP;15;16-05-0024
HRE000698;ENS0052;MAT0024;37;3;PROJET;10;16-04-0031
HRE000699;ENS0052;MAT0008;46;3;CM;10;17-03-0007
HRE000700;ENS0053;MAT0033;48;3;TD;15;16-04-0015
HRE000701;ENS0053;MAT0028;6;3;PROJET;40;16-05-0008
HRE000702;ENS0053;MAT0022;49;3;TP;30;17-03-0023
HRE000703;ENS0053;MAT0035;54;3;CM;10;17-03-0010
HRE000704;ENS0053;MAT0027;50;3;TP;25;16-03-0032
HRE000705;ENS0053;MAT0010;41;3;CM;20;17-05-0019
HRE000706;ENS0054;MAT0009;24;3;TP;20;16-04-0034
HRE000707;ENS0054;MAT0028;12;3;TD;25;17-05-0007
HRE000708;ENS0054;MAT0016;6;3;PROJET;10;17-03-0027
HRE000709;ENS0054;MAT0006;17;3;TD;25;17-03-0026
HRE000710;ENS0054;MAT0024;51;3;TP;10;16-03-0033
HRE000711;ENS0054;MAT0019;25;3;TD;10;16-03-0024
HRE000712;ENS0054;MAT0003;19;3;PROJET;40;17-03-0031
HRE000713;ENS0054;MAT0011;37;3;TP;30;16-05-0016
HRE000714;ENS0055;MAT0008;26;3;PROJET;30;15-04-0016
HRE000715;ENS0055;MAT0005;52;3;TP;30;16-04-0019
HRE000716;ENS0055;MAT0028;22;3;PROJET;30;16-04-0023
HRE000717;ENS0055;MAT0005;56;3;TD;40;17-03-0026
HRE000718;ENS0055;MAT0012;33;3;CM;20;16-04-0026
HRE000719;ENS0055;MAT0034;43;3;TP;15;16-03-0032
HRE000720;ENS0055;MAT0004;3;3;PROJET;15;17-05-0019
HRE000721;ENS0055;MAT0007;11;3;PROJET;25;17-05-0018
HRE000722;ENS0055;MAT0012;50;3;TD;30;15-04-0013
HRE000723;ENS0055;MAT0015;22;3;TD;10;17-03-0007
HRE000724;ENS0055;MAT0035;42;3;CM;10;16-03-0020
HRE000725;ENS0055;MAT0007;1;3;PROJET;35;17-05-0007
HRE000726;ENS0055;MAT0013;8;3;TP;30;15-04-0008
HRE000727;ENS0055;MAT0030;48;3;CM;10;15-04-0021
HRE000728;ENS0055;MAT0020;25;3;TD;25;17-03-0027
HRE000729;ENS0055;MAT0026;52;3;CM;40;15-04-0021
HRE000730;ENS0055;MAT0014;30;3;TP;40;16-03-0025
HRE000731;ENS0055;MAT0012;47;3;TD;15;17-03-0007
HRE000732;ENS0055;MAT0021;50;3;TD;15;16-04-0011
HRE000733;ENS0055;MAT0018;11;3;TD;40;15-04-0029
HRE000734;ENS0056;MAT0027;30;3;TP;20;15-04-0009
HRE000735;ENS0056;MAT0021;31;3;TD;40;16-03-0009
HRE000736;ENS0056;MAT0014;21;3;CM;30;17-05-0026
HRE000737;ENS0056;MAT0032;43;3;TD;25;17-05-0030
HRE000738;ENS0056;MAT0020;20;3;TD;15;16-04-0010
HRE000739;ENS0056;MAT0020;18;3;PROJET;35;16-04-0022
HRE000740;ENS0056;MAT0008;46;3;CM;10;16-03-0013
HRE000741;ENS0056;MAT0027;38;3;TP;10;15-04-0021
HRE000742;ENS0056;MAT0024;29;3;CM;15;15-04-0017
HRE000743;ENS0056;MAT0011;50;3;CM;40;17-05-0027
HRE000744;ENS0056;MAT0023;40;3;CM;15;16-03-0008
HRE000745;ENS0056;MAT0019;12;3;TP;20;16-05-0021
HRE000746;ENS0056;MAT0029;54;3;TD;20;17-03-0022
HRE000747;ENS0056;MAT0029;1;3;PROJET;35;16-05-0032
HRE000748;ENS0056;MAT0005;32;3;CM;20;15-04-0020
HRE000749;ENS0056;MAT0021;26;3;PROJET;25;17-03-0034
HRE000750;ENS0056;MAT0026;37;3;TD;35;17-03-0007
HRE000751;ENS0056;MAT0003;20;3;PROJET;20;16-04-0023
HRE000752;ENS0056;MAT0005;42;3;TP;40;17-03-0027
HRE000753;ENS0056;MAT0009;12;3;PROJET;25;16-04-0018
HRE000754;ENS0057;MAT0006;10;3;CM;30;17-03-0018
HRE000755;ENS0057;MAT0025;26;3;PROJET;30;17-05-0014
HRE000756;ENS0057;MAT0031;36;3;PROJET;20;16-03-0012
HRE000757;ENS0057;MAT0006;42;3;PROJET;20;15-04-0013
HRE000758;ENS0057;MAT0008;15;3;TD;30;16-03-0020
HRE000759;ENS0057;MAT0026;2;3;PROJET;25;17-05-0018
HRE000760;ENS0057;MAT0001;23;3;PROJET;10;16-04-0007
HRE000761;ENS0057;MAT0011;2;3;CM;15;16-04-0011
HRE000762;ENS0057;MAT0033;30;3;PROJET;35;16-04-0014
HRE000763;ENS0057;MAT0014;8;3;PROJET;10;15-04-0028
HRE000764;ENS0058;MAT0024;6;3;CM;35;17-05-0011
HRE000765;ENS0058;MAT0029;4;3;CM;25;16-04-0007
HRE000766;ENS0058;MAT0030;18;3;CM;40;16-05-0009
HRE000767;ENS0058;MAT0015;30;3;TD;10;17-05-0031
HRE000768;ENS0058;MAT0035;17;3;TD;15;16-05-0025
HRE000769;ENS0058;MAT0020;35;3;PROJET;40;17-03-0018
HRE000770;ENS0058;MAT0001;9;3;TP;10;17-05-0015
HRE000771;ENS0058;MAT0022;52;3;PROJET;30;16-05-0013
HRE000772;ENS0058;MAT0005;54;3;PROJET;35;17-05-0030
HRE000773;ENS0058;MAT0004;46;3;PROJET;40;17-05-0011
HRE000774;ENS0058;MAT0012;32;3;CM;15;16-03-0024
HRE000775;ENS0058;MAT0014;51;3;TP;40;16-04-0018
HRE000776;ENS0058;MAT0010;44;3;PROJET;25;17-05-0022
HRE000777;ENS0058;MAT0028;3;3;PROJET;35;16-04-0030
HRE000778;ENS0058;MAT0006;1;3;CM;15;16-03-0020
HRE000779;ENS0058;MAT0023;15;3;TD;35;17-03-0026
HRE000780;ENS0058;MAT0025;31;3;PROJET;30;16-05-0009
HRE000781;ENS0059;MAT0001;36;3;TD;10;17-05-0011
HRE000782;ENS0059;MAT0028;2;3;TP;10;15-04-0016
HRE000783;ENS0059;MAT0023;9;3;TP;20;16-04-0014
HRE000784;ENS0059;MAT0020;16;3;CM;25;15-04-0009
HRE000785;ENS0059;MAT0032;42;3;TP;40;16-03-0008
HRE000786;ENS0059;MAT0032;39;3;CM;30;16-03-0009
HRE000787;ENS0059;MAT0022;36;3;PROJET;15;16-05-0020
HRE000788;ENS0059;MAT0018;9;3;PROJET;40;15-04-0033
HRE000789;ENS0059;MAT0010;27;3;CM;20;15-04-0012
HRE000790;ENS0059;MAT0011;25;3;PROJET;35;17-03-0018
HRE000791;ENS0059;MAT0012;16;3;TD;10;17-05-0026
HRE000792;ENS0059;MAT0016;10;3;CM;10;15-04-0013
HRE000793;ENS0060;MAT0028;38;3;TP;20;17-05-0031
HRE000794;ENS0060;MAT0004;23;3;TP;35;15-04-0029
HRE000795;ENS0060;MAT0026;23;3;CM;15;16-05-0033
HRE000796;ENS0060;MAT0018;29;3;CM;10;17-03-0010
HRE000797;ENS0060;MAT0017;32;3;PROJET;25;16-05-0013
HRE000798;ENS0060;MAT0012;54;3;TP;40;16-04-0023
HRE000799;ENS0060;MAT0025;39;3;TP;30;16-03-0017
HRE000800;ENS0060;MAT0035;30;3;PROJET;40;17-03-0010
HRE000801;ENS0060;MAT0013;30;3;TP;15;16-04-0014
HRE000802;ENS0060;MAT0003;9;3;TP;25;15-04-0033
HRE000803;ENS0060;MAT0030;38;3;TD;35;16-05-0020
HRE000804;ENS0060;MAT0035;31;3;TD;40;17-05-0022
HRE000805;ENS0060;MAT0032;16;3;TP;25;16-04-0015
HRE000806;ENS0060;MAT0013;10;3;CM;25;17-05-0026
HRE000807;ENS0060;MAT0028;23;3;TD;10;15-04-0029
HRE000808;ENS0060;MAT0023;32;3;PROJET;25;17-05-0011
HRE000809;ENS0060;MAT0013;53;3;TP;15;16-04-0007
HRE000810;ENS0060;MAT0034;46;3;TP;40;16-04-0011
HRE000811;ENS0060;MAT0029;47;3;TP;15;16-04-0007
HRE000812;ENS0061;MAT0001;15;3;TP;15;16-03-0024
HRE000813;ENS0061;MAT0027;47;3;CM;40;17-05-0018
HRE000814;ENS0061;MAT0009;5;3;TP;30;16-03-0008
HRE000815;ENS0061;MAT0022;5;3;TP;40;16-04-0034
HRE000816;ENS0061;MAT0004;52;3;CM;15;16-03-0029
HRE000817;ENS0061;MAT0024;6;3;PROJET;25;16-04-0026
HRE000818;ENS0061;MAT0032;13;3;PROJET;40;15-04-0008
HRE000819;ENS0061;MAT0004;50;3;TD;25;17-03-0034
HRE000820;ENS0061;MAT0029;33;3;TD;40;16-05-0033
HRE000821;ENS0062;MAT0033;46;3;TD;15;16-05-0021
HRE000822;ENS0062;MAT0010;36;3;CM;30;17-05-0014
HRE000823;ENS0062;MAT0028;31;3;TD;30;15-04-0020
HRE000824;ENS0062;MAT0032;19;3;TP;35;17-03-0034
HRE000825;ENS0062;MAT0013;9;3;CM;15;16-03-0024
HRE000826;ENS0062;MAT0014;18;3;TD;25;15-04-0020
HRE000827;ENS0062;MAT0027;13;3;TD;40;16-05-0013
HRE000828;ENS0062;MAT0007;26;3;TP;30;16-05-0033
HRE000829;ENS0062;MAT0017;24;3;CM;35;15-04-0032
HRE000830;ENS0062;MAT0018;37;3;CM;40;16-04-0022
HRE000831;ENS0062;MAT0027;49;3;TD;10;16-05-0009
HRE000832;ENS0062;MAT0013;18;3;TP;35;16-05-0020
HRE000833;ENS0062;MAT0004;39;3;CM;25;15-04-0017
HRE000834;ENS0062;MAT0022;6;3;TP;10;16-03-0012
HRE000835;ENS0062;MAT0017;54;3;TP;25;16-03-0008
HRE000836;ENS0062;MAT0004;20;3;TP;40;16-05-0008
HRE000837;ENS0062;MAT0004;3;3;TD;40;16-04-0031
HRE000838;ENS0062;MAT0021;3;3;TD;20;17-03-0011
HRE000839;ENS0062;MAT0011;14;3;PROJET;15;16-03-0024
HRE000840;ENS0062;MAT0018;2;3;CM;30;15-04-0012
HRE000841;ENS0063;MAT0005;16;3;TD;15;17-03-0026
HRE000842;ENS0063;MAT0035;36;3;CM;20;17-05-0015
HRE000843;ENS0063;MAT0007;2;3;TP;30;17-03-0010
HRE000844;ENS0063;MAT0026;2;3;CM;35;16-04-0026
HRE000845;ENS0063;MAT0023;47;3;TD;20;16-03-0032
HRE000846;ENS0063;MAT0019;31;3;TD;30;16-04-0026
HRE000847;ENS0063;MAT0008;49;3;CM;25;15-04-0020
HRE000848;ENS0063;MAT0029;8;3;TD;15;16-05-0033
HRE000849;ENS0063;MAT0010;3;3;CM;25;16-04-0030
HRE000850;ENS0063;MAT0030;32;3;TP;20;16-03-0025
HRE000851;ENS0063;MAT0012;5;3;TD;10;16-03-0029
HRE000852;ENS0063;MAT0028;13;3;CM;25;16-05-0016
HRE000853;ENS0063;MAT0017;25;3;TP;30;17-03-0031
HRE000854;ENS0063;MAT0029;23;3;TD;10;15-04-0024
HRE000855;ENS0063;MAT0013;56;3;CM;20;17-03-0010
HRE000856;ENS0063;MAT0019;9;3;CM;25;16-05-0016
HRE000857;ENS0063;MAT0028;44;3;TD;40;15-04-0016
HRE000858;ENS0063;MAT0035;25;3;CM;35;17-05-0011
HRE000859;ENS0064;MAT0026;41;3;TP;25;15-04-0017
HRE000860;ENS0064;MAT0032;6;3;TP;20;16-04-0027
HRE000861;ENS0064;MAT0022;54;3;TD;35;17-05-0015
HRE000862;ENS0064;MAT0033;56;3;TD;40;17-05-0022
HRE000863;ENS0064;MAT0004;39;3;PROJET;20;17-05-0027
HRE000864;ENS0064;MAT0004;39;3;CM;30;16-05-0017
HRE000865;ENS0064;MAT0030;16;3;CM;35;15-04-0029
HRE000866;ENS0064;MAT0026;51;3;CM;40;16-03-0008
HRE000867;ENS0064;MAT0021;25;3;TD;15;17-05-0010
HRE000868;ENS0064;MAT0017;44;3;TD;25;15-04-0020
HRE000869;ENS0064;MAT0019;9;3;TP;10;16-05-0025
HRE000870;ENS0064;MAT0013;42;3;TP;10;17-05-0011
HRE000871;ENS0064;MAT0015;16;3;TD;20;16-03-0028
HRE000872;ENS0065;MAT0025;32;3;CM;40;16-04-0015
HRE000873;ENS0065;MAT0024;41;3;PROJET;30;17-03-0031
HRE000874;ENS0065;MAT0014;43;3;TD;20;16-04-0030
HRE000875;ENS0065;MAT0026;7;3;TP;20;16-04-0007
HRE000876;ENS0065;MAT0003;19;3;TP;15;15-04-0013
HRE000877;ENS0065;MAT0021;47;3;PROJET;25;16-03-0009
HRE000878;ENS0065;MAT0032;40;3;TP;10;16-04-0026
HRE000879;ENS0065;MAT0007;7;3;TD;30;17-03-0010
HRE000880;ENS0065;MAT0035;6;3;PROJET;15;15-04-0025
HRE000881;ENS0065;MAT0003;7;3;CM;40;16-04-0027
HRE000882;ENS0065;MAT0020;46;3;TP;15;16-05-0008
HRE000883;ENS0065;MAT0010;24;3;TP;35;15-04-0021
HRE000884;ENS0065;MAT0011;8;3;PROJET;10;15-04-0024
HRE000885;ENS0065;MAT0032;12;3;TD;35;15-04-0032
HRE000886;ENS0066;MAT0006;34;3;CM;40;16-03-0016
HRE000887;ENS0066;MAT0024;4;3;TD;40;16-03-0021
HRE000888;ENS0066;MAT0003;8;3;TP;10;15-04-0032
HRE000889;ENS0066;MAT0023;50;3;CM;25;17-05-0018
HRE000890;ENS0066;MAT0016;49;3;TP;15;17-03-0007
HRE000891;ENS0066;MAT0034;41;3;TD;20;17-03-0031
HRE000892;ENS0066;MAT0033;36;3;CM;35;15-04-0012
HRE000893;ENS0066;MAT0027;48;3;PROJET;15;16-05-0008
HRE000894;ENS0066;MAT0028;53;3;PROJET;15;17-03-0018
HRE000895;ENS0066;MAT0006;50;3;PROJET;10;16-05-0021
HRE000896;ENS0066;MAT0016;42;3;PROJET;30;16-05-0012
HRE000897;ENS0067;MAT0017;13;3;TP;25;16-05-0016
HRE000898;ENS0067;MAT0029;33;3;PROJET;20;17-03-0018
HRE000899;ENS0067;MAT0013;32;3;TD;35;17-03-0034
HRE000900;ENS0067;MAT0005;25;3;CM;25;16-05-0020
HRE000901;ENS0067;MAT0003;50;3;CM;30;15-04-0025
HRE000902;ENS0067;MAT0011;37;3;PROJET;25;16-05-0012
HRE000903;ENS0067;MAT0015;30;3;TD;25;16-03-0025
HRE000904;ENS0067;MAT0024;17;3;CM;15;16-05-0024
HRE000905;ENS0067;MAT0017;16;3;TP;10;15-04-0021
HRE000906;ENS0067;MAT0015;54;3;TP;35;15-04-0013
HRE000907;ENS0067;MAT0013;24;3;CM;10;16-03-0013
HRE000908;ENS0067;MAT0025;6;3;CM;30;16-03-0029
HRE000909;ENS0067;MAT0022;3;3;PROJET;15;15-04-0032
HRE000910;ENS0068;MAT0016;30;3;PROJET;20;17-03-0031
HRE000911;ENS0068;MAT0035;22;3;TD;30;16-03-0012
HRE000912;ENS0068;MAT0011;38;3;TP;40;16-03-0021
HRE000913;ENS0068;MAT0008;6;3;TP;10;17-05-0015
HRE000914;ENS0068;MAT0033;50;3;TD;40;16-04-0015
HRE000915;ENS0068;MAT0028;35;3;CM;25;17-03-0027
HRE000916;ENS0068;MAT0027;2;3;PROJET;25;16-05-0029
HRE000917;ENS0068;MAT0033;11;3;TD;30;16-04-0026
HRE000918;ENS0068;MAT0009;11;3;TP;35;16-04-0023
HRE000919;ENS0068;MAT0016;8;3;CM;10;15-04-0024
HRE000920;ENS0068;MAT0023;15;3;TD;10;16-03-0012
HRE000921;ENS0068;MAT0026;55;3;TP;40;15-04-0025
HRE000922;ENS0068;MAT0032;24;3;TD;30;16-04-0014
HRE000923;ENS0068;MAT0024;20;3;PROJET;10;16-04-0007
HRE000924;ENS0068;MAT0015;25;3;TP;35;15-04-0017
HRE000925;ENS0069;MAT0019;19;3;TP;30;16-04-0030
HRE000926;ENS0069;MAT0020;48;3;TD;15;17-05-0014
HRE000927;ENS0069;MAT0016;19;3;CM;20;16-05-0017
HRE000928;ENS0069;MAT0015;55;3;PROJET;15;17-03-0031
HRE000929;ENS0069;MAT0025;37;3;PROJET;10;16-03-0029
HRE000930;ENS0069;MAT0035;36;3;PROJET;15;16-03-0013
HRE000931;ENS0069;MAT0026;14;3;CM;10;16-03-0025
HRE000932;ENS0069;MAT0006;54;3;TD;40;17-05-0023
HRE000933;ENS0069;MAT0020;40;3;CM;10;16-05-0021
HRE000934;ENS0069;MAT0013;5;3;CM;15;16-04-0007
HRE000935;ENS0069;MAT0026;4;3;PROJET;40;16-04-0007
HRE000936;ENS0069;MAT0016;42;3;TD;35;17-05-0007
HRE000937;ENS0069;MAT0001;31;3;TP;30;16-04-0026
HRE000938;ENS0069;MAT0021;40;3;CM;35;16-05-0024
HRE000939;ENS0069;MAT0031;14;3;PROJET;25;17-03-0014
HRE000940;ENS0069;MAT0011;31;3;CM;10;16-04-0026
HRE000941;ENS0069;MAT0014;29;3;TP;15;16-04-0007
HRE000942;ENS0069;MAT0007;36;3;PROJET;20;17-05-0014
HRE000943;ENS0069;MAT0014;1;3;PROJET;20;16-04-0018
HRE000944;ENS0070;MAT0017;3;3;TP;10;17-05-0023
HRE000945;ENS0070;MAT0006;50;3;TD;10;16-05-0020
HRE000946;ENS0070;MAT0030;50;3;TD;20;17-03-0034
HRE000947;ENS0070;MAT0025;39;3;TP;15;16-03-0012
HRE000948;ENS0070;MAT0005;23;3;TP;35;16-05-0024
HRE000949;ENS0070;MAT0003;56;3;PROJET;35;15-04-0009
HRE000950;ENS0070;MAT0022;51;3;TD;10;17-05-0023
HRE000951;ENS0070;MAT0024;36;3;TP;30;16-04-0031
HRE000952;ENS0070;MAT0028;10;3;TD;25;16-05-0016
HRE000953;ENS0070;MAT0017;42;3;TP;20;16-04-0034
HRE000954;ENS0070;MAT0005;31;3;PROJET;20;16-04-0034
HRE000955;ENS0070;MAT0006;44;3;TP;30;16-04-0015
HRE000956;ENS0071;MAT0005;47;3;TD;40;16-05-0009
HRE000957;ENS0071;MAT0001;5;3;PROJET;10;15-04-0012
HRE000958;ENS0071;MAT0034;18;3;CM;35;16-05-0024
HRE000959;ENS0071;MAT0021;6;3;TD;10;17-03-0023
HRE000960;ENS0071;MAT0008;14;3;PROJET;35;16-04-0027
HRE000961;ENS0071;MAT0008;15;3;TD;35;16-04-0007
HRE000962;ENS0071;MAT0026;44;3;TD;20;16-03-0032
HRE000963;ENS0071;MAT0014;33;3;TP;35;16-03-0021
HRE000964;ENS0071;MAT0023;43;3;PROJET;35;16-04-0027
HRE000965;ENS0071;MAT0031;52;3;PROJET;35;16-04-0019
HRE000966;ENS0071;MAT0011;56;3;TD;15;16-05-0016
HRE000967;ENS0071;MAT0005;7;3;TP;10;17-03-0026
HRE000968;ENS0072;MAT0014;14;3;TP;30;17-05-0022
HRE000969;ENS0072;MAT0013;55;3;PROJET;15;17-03-0010
HRE000970;ENS0072;MAT0035;47;3;TD;10;16-03-0012
HRE000971;ENS0072;MAT0028;32;3;TD;35;17-05-0018
HRE000972;ENS0072;MAT0004;24;3;CM;20;17-05-0022
HRE000973;ENS0072;MAT0033;20;3;TP;10;16-04-0027
HRE000974;ENS0072;MAT0028;9;3;TP;20;16-04-0014
HRE000975;ENS0072;MAT0026;41;3;TP;25;15-04-0016
HRE000976;ENS0072;MAT0035;36;3;TD;10;17-03-0019
HRE000977;ENS0072;MAT0018;43;3;TD;25;16-04-0031
HRE000978;ENS0072;MAT0034;10;3;CM;10;17-03-0018
HRE000979;ENS0072;MAT0001;40;3;CM;35;17-05-0031
HRE000980;ENS0073;MAT0001;34;3;CM;25;16-04-0014
HRE000981;ENS0073;MAT0011;21;3;TP;25;17-03-0030
HRE000982;ENS0073;MAT0023;41;3;TD;35;17-05-0031
HRE000983;ENS0073;MAT0018;32;3;TD;30;16-03-0032
HRE000984;ENS0073;MAT0007;23;3;PROJET;35;17-03-0010
HRE000985;ENS0073;MAT0007;5;3;TD;15;17-03-0027
HRE000986;ENS0073;MAT0027;26;3;TD;20;17-05-0010
HRE000987;ENS0073;MAT0007;1;3;PROJET;25;16-04-0019
HRE000988;ENS0074;MAT0012;50;3;CM;20;16-05-0024
HRE000989;ENS0074;MAT0004;45;3;TP;30;15-04-0028
HRE000990;ENS0074;MAT0024;47;3;TP;20;16-05-0013
HRE000991;ENS0074;MAT0016;19;3;TD;15;17-03-0019
HRE000992;ENS0074;MAT0032;50;3;PROJET;20;17-03-0015
HRE000993;ENS0074;MAT0017;35;3;TP;20;17-05-0026
HRE000994;ENS0074;MAT0028;33;3;TD;30;16-03-0021
HRE000995;ENS0074;MAT0016;51;3;TD;30;16-04-0019
HRE000996;ENS0074;MAT0009;52;3;TD;40;16-04-0018
HRE000997;ENS0074;MAT0028;36;3;TP;25;16-03-0009
HRE000998;ENS0074;MAT0005;46;3;TP;40;17-03-0034
HRE000999;ENS0074;MAT0002;24;3;TD;10;15-04-0033
HRE001000;ENS0074;MAT0026;19;3;TD;35;17-03-0019
HRE001001;ENS0075;MAT0014;44;3;PROJET;30;16-05-0017
HRE001002;ENS0075;MAT0034;19;3;PROJET;35;16-04-0019
HRE001003;ENS0075;MAT0001;46;3;PROJET;25;16-05-0029
HRE001004;ENS0075;MAT0010;24;3;CM;10;16-03-0013
HRE001005;ENS0075;MAT0020;22;3;TP;35;15-04-0009
HRE001006;ENS0075;MAT0014;4;3;CM;30;16-03-0033
HRE001007;ENS0075;MAT0008;14;3;TD;20;17-05-0011
HRE001008;ENS0075;MAT0032;37;3;CM;40;17-03-0023
HRE001009;ENS0075;MAT0016;23;3;CM;40;15-04-0020
HRE001010;ENS0075;MAT0002;42;3;PROJET;35;17-03-0019
HRE001011;ENS0075;MAT0030;3;3;CM;40;16-05-0017
HRE001012;ENS0075;MAT0021;40;3;PROJET;20;17-03-0026
HRE001013;ENS0075;MAT0003;52;3;CM;10;16-04-0030
HRE001014;ENS0075;MAT0020;47;3;PROJET;20;15-04-0009
HRE001015;ENS0075;MAT0026;9;3;CM;10;16-04-0007
HRE001016;ENS0075;MAT0003;51;3;CM;10;15-04-0024
HRE001017;ENS0075;MAT0005;4;3;TP;15;17-05-0007
HRE001018;ENS0076;MAT0015;52;3;TP;10;16-04-0030
HRE001019;ENS0076;MAT0010;3;3;TD;30;16-03-0025
HRE001020;ENS0076;MAT0028;11;3;TD;35;17-05-0010
HRE001021;ENS0076;MAT0023;24;3;PROJET;40;17-05-0022
HRE001022;ENS0076;MAT0012;26;3;TP;15;17-03-0030
HRE001023;ENS0076;MAT0003;33;3;TD;15;17-03-0014
HRE001024;ENS0076;MAT0031;19;3;PROJET;20;16-05-0028
HRE001025;ENS0076;MAT0025;50;3;TD;15;16-03-0012
HRE001026;ENS0076;MAT0012;37;3;CM;30;17-03-0010
HRE001027;ENS0076;MAT0014;39;3;PROJET;40;15-04-0013
HRE001028;ENS0076;MAT0035;30;3;CM;35;16-05-0033
HRE001029;ENS0076;MAT0030;21;3;TD;20;16-03-0032
HRE001030;ENS0076;MAT0026;44;3;CM;20;16-05-0033
HRE001031;ENS0077;MAT0025;38;3;CM;35;15-04-0021
HRE001032;ENS0077;MAT0013;6;3;TD;30;17-03-0026
HRE001033;ENS0077;MAT0032;24;3;TD;30;16-04-0027
HRE001034;ENS0077;MAT0015;5;3;TP;15;15-04-0008
HRE001035;ENS0077;MAT0021;40;3;CM;35;17-05-0010
HRE001036;ENS0077;MAT0031;52;3;PROJET;40;15-04-0024
HRE001037;ENS0077;MAT0035;26;3;TD;20;17-05-0034
HRE001038;ENS0077;MAT0021;44;3;CM;40;17-05-0023
HRE001039;ENS0077;MAT0007;16;3;TP;20;17-03-0022
HRE001040;ENS0077;MAT0014;30;3;CM;25;17-05-0010
HRE001041;ENS0077;MAT0011;36;3;PROJET;40;16-04-0018
HRE001042;ENS0077;MAT0021;42;3;TD;20;16-05-0020
HRE001043;ENS0077;MAT0011;15;3;TD;15;16-04-0027
HRE001044;ENS0078;MAT0012;24;3;TD;15;15-04-0028
HRE001045;ENS0078;MAT0020;26;3;CM;35;17-03-0031
HRE001046;ENS0078;MAT0031;29;3;TP;35;17-05-0023
HRE001047;ENS0078;MAT0004;34;3;TP;20;17-05-0019
HRE001048;ENS0078;MAT0030;18;3;TP;20;15-04-0025
HRE001049;ENS0078;MAT0029;22;3;TP;30;17-03-0007
HRE001050;ENS0079;MAT0029;50;3;TP;30;15-04-0032
HRE001051;ENS0079;MAT0005;56;3;CM;30;17-03-0026
HRE001052;ENS0079;MAT0009;7;3;CM;20;15-04-0024
HRE001053;ENS0079;MAT0024;18;3;CM;40;16-05-0033
HRE001054;ENS0079;MAT0002;6;3;TP;30;15-04-0029
HRE001055;ENS0079;MAT0015;16;3;TD;25;16-04-0022
HRE001056;ENS0079;MAT0008;45;3;PROJET;15;15-04-0021
HRE001057;ENS0079;MAT0025;36;3;CM;20;15-04-0033
HRE001058;ENS0079;MAT0034;44;3;TD;15;16-04-0018
HRE001059;ENS0079;MAT0003;37;3;CM;20;17-03-0018
HRE001060;ENS0079;MAT0028;24;3;PROJET;10;17-03-0022
HRE001061;ENS0079;MAT0026;7;3;TD;30;15-04-0033
HRE001062;ENS0079;MAT0006;46;3;TP;35;17-05-0031
HRE001063;ENS0079;MAT0022;3;3;TD;15;15-04-0029
