heure_id,enseignant_id,matiere_id,group_id,semestre_id,type_cours,volume_horaire,date_cours
HRE000001,ENS0001,MAT0011,29,1,TP,35,2024-05-17
HRE000002,ENS0001,MAT0018,2,4,TP,10,2023-04-15
HRE000003,ENS0001,MAT0021,14,4,PROJET,15,2023-03-17
HRE000004,ENS0001,MAT0028,14,3,CM,40,2024-05-17
HRE000005,ENS0001,MAT0028,10,2,TD,10,2024-03-17
HRE000006,ENS0001,MAT0020,17,1,TD,20,2024-04-15
HRE000007,ENS0001,MAT0007,4,3,TD,40,2024-04-16
HRE000008,ENS0001,MAT0025,10,3,PROJET,35,2024-05-16
HRE000009,ENS0001,MAT0032,2,2,CM,20,2024-03-17
HRE000010,ENS0001,MAT0003,25,2,CM,40,2024-05-16
HRE000011,ENS0001,MAT0012,7,1,TP,25,2023-04-16
HRE000012,ENS0001,MAT0001,28,3,PROJET,30,2023-05-17
HRE000013,ENS0002,MAT0012,4,2,PROJET,30,2023-04-16
HRE000014,ENS0002,MAT0029,14,2,CM,10,2023-03-16
HRE000015,ENS0002,MAT0005,7,1,PROJET,15,2023-04-15
HRE000016,ENS0002,MAT0018,27,2,CM,25,2023-03-17
HRE000017,ENS0002,MAT0023,8,1,TD,20,2023-05-16
HRE000018,ENS0003,MAT0019,8,1,TD,25,2024-04-15
HRE000019,ENS0003,MAT0030,20,3,PROJET,15,2024-04-16
HRE000020,ENS0003,MAT0002,17,1,TP,30,2023-03-16
HRE000021,ENS0003,MAT0028,8,2,PROJET,20,2023-04-15
HRE000022,ENS0003,MAT0016,19,4,CM,15,2023-04-16
HRE000023,ENS0003,MAT0018,1,2,TP,40,2023-05-16
HRE000024,ENS0003,MAT0008,7,4,CM,15,2023-03-16
HRE000025,ENS0003,MAT0021,5,1,CM,15,2023-04-16
HRE000026,ENS0003,MAT0018,7,1,TD,30,2023-05-17
HRE000027,ENS0003,MAT0030,13,3,CM,15,2024-04-15
HRE000028,ENS0003,MAT0003,18,1,CM,15,2023-04-16
HRE000029,ENS0003,MAT0024,25,1,TD,30,2023-03-16
HRE000030,ENS0004,MAT0015,11,4,CM,10,2024-04-15
HRE000031,ENS0004,MAT0016,17,1,CM,15,2024-05-17
HRE000032,ENS0004,MAT0032,8,1,PROJET,25,2023-03-16
HRE000033,ENS0004,MAT0009,6,3,PROJET,10,2023-03-16
HRE000034,ENS0004,MAT0031,13,2,PROJET,40,2023-04-16
HRE000035,ENS0004,MAT0018,9,4,PROJET,20,2023-04-16
HRE000036,ENS0004,MAT0022,26,4,TD,40,2024-05-16
HRE000037,ENS0004,MAT0030,30,3,TP,40,2024-03-17
HRE000038,ENS0004,MAT0020,14,4,TP,15,2023-05-16
HRE000039,ENS0004,MAT0033,22,1,TP,25,2024-05-16
HRE000040,ENS0004,MAT0018,6,3,TP,15,2023-04-16
HRE000041,ENS0004,MAT0010,27,4,CM,10,2024-05-17
HRE000042,ENS0004,MAT0016,7,1,CM,35,2024-04-15
HRE000043,ENS0004,MAT0005,28,1,CM,10,2023-04-16
HRE000044,ENS0004,MAT0009,3,3,TD,20,2024-03-17
HRE000045,ENS0004,MAT0023,16,4,CM,25,2023-05-16
HRE000046,ENS0005,MAT0016,5,2,CM,20,2024-03-17
HRE000047,ENS0005,MAT0005,16,3,CM,10,2023-05-17
HRE000048,ENS0005,MAT0008,17,1,PROJET,20,2023-05-16
HRE000049,ENS0005,MAT0009,5,4,PROJET,15,2024-04-16
HRE000050,ENS0005,MAT0012,8,2,TP,20,2024-04-16
HRE000051,ENS0005,MAT0035,6,4,TP,25,2024-04-15
HRE000052,ENS0005,MAT0010,26,1,PROJET,10,2024-05-17
HRE000053,ENS0005,MAT0020,7,3,CM,10,2024-04-16
HRE000054,ENS0005,MAT0030,9,1,CM,40,2023-05-16
HRE000055,ENS0005,MAT0020,19,1,TP,10,2023-03-16
HRE000056,ENS0005,MAT0029,24,1,PROJET,10,2024-04-15
HRE000057,ENS0005,MAT0032,18,2,TD,30,2023-05-16
HRE000058,ENS0005,MAT0012,24,1,PROJET,35,2023-03-17
HRE000059,ENS0005,MAT0027,3,3,CM,10,2024-05-16
HRE000060,ENS0005,MAT0010,9,4,CM,30,2023-04-15
HRE000061,ENS0005,MAT0028,26,1,TP,20,2023-03-17
HRE000062,ENS0005,MAT0011,2,3,TP,35,2024-04-15
HRE000063,ENS0005,MAT0003,6,2,PROJET,25,2023-05-17
HRE000064,ENS0005,MAT0006,24,4,PROJET,40,2024-05-16
HRE000065,ENS0005,MAT0028,18,4,TD,40,2024-03-17
HRE000066,ENS0006,MAT0030,12,1,PROJET,40,2023-03-16
HRE000067,ENS0006,MAT0021,12,3,CM,30,2023-05-16
HRE000068,ENS0006,MAT0014,15,4,PROJET,35,2023-05-17
HRE000069,ENS0006,MAT0033,8,4,TD,20,2023-05-17
HRE000070,ENS0006,MAT0010,27,3,PROJET,15,2024-03-16
HRE000071,ENS0006,MAT0015,9,2,TP,30,2024-03-17
HRE000072,ENS0006,MAT0032,6,2,TD,40,2023-05-17
HRE000073,ENS0006,MAT0023,26,2,CM,10,2024-04-16
HRE000074,ENS0006,MAT0018,8,2,PROJET,25,2023-05-17
HRE000075,ENS0006,MAT0035,8,4,TD,30,2023-04-15
HRE000076,ENS0006,MAT0014,5,1,CM,30,2023-05-16
HRE000077,ENS0006,MAT0033,26,1,PROJET,20,2024-03-17
HRE000078,ENS0006,MAT0035,10,1,TD,35,2024-03-17
HRE000079,ENS0006,MAT0022,28,4,CM,25,2023-05-17
HRE000080,ENS0006,MAT0013,23,2,CM,15,2024-05-17
HRE000081,ENS0006,MAT0016,10,3,TP,25,2023-03-16
HRE000082,ENS0006,MAT0011,7,4,PROJET,15,2023-05-17
HRE000083,ENS0006,MAT0007,11,2,TP,10,2023-05-17
HRE000084,ENS0006,MAT0003,14,4,TD,25,2024-04-15
HRE000085,ENS0006,MAT0035,12,4,CM,10,2023-05-17
HRE000086,ENS0007,MAT0031,3,4,PROJET,30,2023-03-16
HRE000087,ENS0007,MAT0023,26,4,TD,25,2024-04-15
HRE000088,ENS0007,MAT0024,8,3,CM,25,2023-04-15
HRE000089,ENS0007,MAT0022,5,4,PROJET,10,2024-03-17
HRE000090,ENS0007,MAT0010,26,4,TP,20,2023-03-17
HRE000091,ENS0007,MAT0028,16,3,CM,30,2023-03-16
HRE000092,ENS0007,MAT0001,6,1,CM,35,2024-03-17
HRE000093,ENS0007,MAT0021,26,4,TP,15,2024-05-17
HRE000094,ENS0007,MAT0014,18,2,TP,30,2024-03-17
HRE000095,ENS0007,MAT0002,1,4,PROJET,30,2024-04-15
HRE000096,ENS0007,MAT0020,16,2,CM,15,2024-04-16
HRE000097,ENS0007,MAT0022,16,1,PROJET,15,2023-04-16
HRE000098,ENS0007,MAT0009,28,1,TD,40,2023-04-16
HRE000099,ENS0007,MAT0012,20,3,TP,40,2023-03-17
HRE000100,ENS0007,MAT0014,21,1,CM,25,2023-04-16
HRE000101,ENS0007,MAT0013,22,1,CM,15,2024-03-17
HRE000102,ENS0007,MAT0014,17,1,CM,30,2023-04-15
HRE000103,ENS0007,MAT0026,30,4,TD,40,2023-04-15
HRE000104,ENS0008,MAT0005,13,3,TD,35,2023-04-15
HRE000105,ENS0008,MAT0007,25,1,TP,40,2023-04-16
HRE000106,ENS0008,MAT0035,18,3,TD,30,2024-04-16
HRE000107,ENS0008,MAT0021,21,1,TP,20,2023-03-17
HRE000108,ENS0008,MAT0025,2,2,TD,30,2024-03-17
HRE000109,ENS0008,MAT0015,19,1,PROJET,15,2023-03-17
HRE000110,ENS0008,MAT0017,6,2,PROJET,35,2023-04-15
HRE000111,ENS0008,MAT0005,12,1,TD,30,2023-05-17
HRE000112,ENS0008,MAT0017,21,3,CM,10,2024-05-16
HRE000113,ENS0008,MAT0019,20,1,PROJET,25,2023-03-16
HRE000114,ENS0008,MAT0020,7,1,TD,20,2024-04-15
HRE000115,ENS0008,MAT0027,26,4,CM,10,2024-03-16
HRE000116,ENS0008,MAT0009,13,2,PROJET,30,2024-04-16
HRE000117,ENS0008,MAT0005,11,3,TD,40,2023-04-15
HRE000118,ENS0008,MAT0031,17,1,TD,35,2024-03-17
HRE000119,ENS0008,MAT0002,7,1,CM,30,2023-05-16
HRE000120,ENS0009,MAT0004,11,3,CM,30,2023-04-16
HRE000121,ENS0009,MAT0033,18,1,TD,40,2024-04-16
HRE000122,ENS0009,MAT0017,24,3,PROJET,25,2023-03-16
HRE000123,ENS0009,MAT0002,23,4,TP,35,2023-03-16
HRE000124,ENS0009,MAT0033,12,3,TP,35,2023-03-16
HRE000125,ENS0009,MAT0028,8,1,PROJET,30,2023-05-16
HRE000126,ENS0009,MAT0024,9,4,PROJET,20,2023-03-16
HRE000127,ENS0009,MAT0028,8,2,PROJET,10,2024-04-15
HRE000128,ENS0009,MAT0008,9,3,TP,15,2023-04-16
HRE000129,ENS0009,MAT0011,6,2,CM,20,2023-03-17
HRE000130,ENS0009,MAT0006,7,4,PROJET,35,2024-04-16
HRE000131,ENS0009,MAT0004,14,4,CM,30,2023-04-15
HRE000132,ENS0009,MAT0028,10,4,PROJET,15,2024-04-15
HRE000133,ENS0009,MAT0024,8,1,CM,40,2023-03-16
HRE000134,ENS0009,MAT0017,27,2,TD,30,2024-05-17
HRE000135,ENS0009,MAT0026,23,4,TD,20,2023-03-16
HRE000136,ENS0009,MAT0028,24,2,PROJET,20,2023-03-16
HRE000137,ENS0009,MAT0004,19,2,TP,35,2024-05-16
HRE000138,ENS0009,MAT0017,4,4,TP,35,2024-04-16
HRE000139,ENS0010,MAT0014,14,1,TP,35,2024-05-16
HRE000140,ENS0010,MAT0002,23,2,PROJET,10,2024-04-15
HRE000141,ENS0010,MAT0004,16,1,TP,10,2024-03-17
HRE000142,ENS0010,MAT0011,6,2,TD,15,2024-04-16
HRE000143,ENS0010,MAT0004,5,1,PROJET,30,2023-05-16
HRE000144,ENS0010,MAT0021,4,4,CM,20,2024-04-16
HRE000145,ENS0010,MAT0031,3,1,PROJET,35,2023-05-17
HRE000146,ENS0010,MAT0009,5,4,CM,40,2024-05-16
HRE000147,ENS0010,MAT0006,2,2,PROJET,35,2024-04-16
HRE000148,ENS0010,MAT0033,3,4,TP,30,2024-04-16
HRE000149,ENS0010,MAT0011,22,4,TP,20,2023-04-15
HRE000150,ENS0010,MAT0013,19,4,CM,15,2023-03-16
HRE000151,ENS0010,MAT0018,9,4,CM,35,2023-05-17
HRE000152,ENS0010,MAT0013,24,1,TD,40,2023-04-15
HRE000153,ENS0010,MAT0026,16,2,PROJET,35,2024-04-16
HRE000154,ENS0010,MAT0020,9,4,CM,15,2024-03-16
HRE000155,ENS0010,MAT0014,16,1,CM,20,2023-03-16
HRE000156,ENS0010,MAT0031,5,4,CM,30,2023-04-15
HRE000157,ENS0010,MAT0035,16,1,TP,40,2023-03-16
HRE000158,ENS0010,MAT0031,7,1,PROJET,20,2024-04-16
HRE000159,ENS0011,MAT0005,12,3,TD,25,2023-05-17
HRE000160,ENS0011,MAT0030,21,4,PROJET,10,2023-03-16
HRE000161,ENS0011,MAT0007,27,3,CM,35,2024-04-16
HRE000162,ENS0011,MAT0010,3,3,PROJET,25,2023-04-16
HRE000163,ENS0011,MAT0011,13,3,CM,35,2023-04-16
HRE000164,ENS0011,MAT0014,13,2,PROJET,35,2023-04-15
HRE000165,ENS0012,MAT0030,15,3,PROJET,25,2023-04-15
HRE000166,ENS0012,MAT0008,16,2,TD,35,2024-04-15
HRE000167,ENS0012,MAT0030,15,3,TD,15,2024-05-16
HRE000168,ENS0012,MAT0030,16,3,PROJET,10,2024-05-17
HRE000169,ENS0012,MAT0012,13,4,PROJET,20,2023-03-16
HRE000170,ENS0012,MAT0018,24,2,PROJET,25,2024-05-16
HRE000171,ENS0012,MAT0029,13,2,PROJET,10,2024-04-16
HRE000172,ENS0012,MAT0022,18,2,PROJET,10,2023-05-17
HRE000173,ENS0012,MAT0029,22,3,CM,25,2024-04-16
HRE000174,ENS0012,MAT0023,2,4,TP,20,2024-03-16
HRE000175,ENS0012,MAT0033,13,3,CM,25,2024-04-15
HRE000176,ENS0012,MAT0019,25,1,CM,30,2024-05-16
HRE000177,ENS0012,MAT0014,8,4,TP,40,2023-04-15
HRE000178,ENS0012,MAT0020,10,4,TP,20,2024-03-17
HRE000179,ENS0013,MAT0035,11,2,PROJET,10,2023-04-15
HRE000180,ENS0013,MAT0002,23,3,TP,15,2024-05-17
HRE000181,ENS0013,MAT0023,6,3,CM,40,2024-05-17
HRE000182,ENS0013,MAT0007,9,4,CM,40,2023-05-17
HRE000183,ENS0013,MAT0005,22,2,PROJET,10,2023-04-16
HRE000184,ENS0013,MAT0023,12,1,TD,40,2024-03-17
HRE000185,ENS0013,MAT0010,14,4,PROJET,35,2024-04-16
HRE000186,ENS0013,MAT0032,21,1,TP,35,2024-03-16
HRE000187,ENS0014,MAT0011,11,2,CM,40,2023-04-15
HRE000188,ENS0014,MAT0033,23,4,TD,10,2024-05-17
HRE000189,ENS0014,MAT0025,2,2,TD,30,2023-03-17
HRE000190,ENS0014,MAT0023,6,4,CM,35,2024-04-16
HRE000191,ENS0014,MAT0015,17,4,PROJET,20,2023-05-16
HRE000192,ENS0014,MAT0031,23,4,PROJET,30,2024-03-16
HRE000193,ENS0014,MAT0028,8,1,PROJET,15,2024-04-15
HRE000194,ENS0014,MAT0027,14,3,CM,15,2023-05-17
HRE000195,ENS0014,MAT0023,12,3,CM,10,2024-05-16
HRE000196,ENS0014,MAT0034,19,1,CM,25,2023-03-16
HRE000197,ENS0015,MAT0031,15,3,CM,30,2023-03-17
HRE000198,ENS0015,MAT0033,11,2,TD,30,2024-03-17
HRE000199,ENS0015,MAT0035,16,4,TD,25,2024-03-16
HRE000200,ENS0015,MAT0013,19,2,TD,40,2023-03-17
HRE000201,ENS0015,MAT0001,15,2,CM,40,2024-03-16
HRE000202,ENS0015,MAT0003,23,1,TP,35,2024-03-16
HRE000203,ENS0015,MAT0011,2,2,CM,25,2024-04-15
HRE000204,ENS0015,MAT0016,20,2,CM,10,2023-05-16
HRE000205,ENS0015,MAT0031,11,2,TD,40,2023-05-17
HRE000206,ENS0015,MAT0026,27,2,TP,15,2024-05-17
HRE000207,ENS0015,MAT0017,8,4,CM,35,2024-05-16
HRE000208,ENS0015,MAT0016,7,1,CM,25,2023-03-16
HRE000209,ENS0015,MAT0007,4,3,TD,15,2023-03-17
HRE000210,ENS0015,MAT0025,16,1,TD,30,2024-05-17
HRE000211,ENS0016,MAT0005,30,3,TP,15,2024-05-16
HRE000212,ENS0016,MAT0011,22,3,TP,40,2024-04-15
HRE000213,ENS0016,MAT0031,2,1,TP,40,2024-05-16
HRE000214,ENS0016,MAT0016,9,2,CM,20,2024-03-16
HRE000215,ENS0016,MAT0025,19,4,CM,10,2024-03-17
HRE000216,ENS0016,MAT0018,2,4,TD,20,2023-05-16
HRE000217,ENS0016,MAT0013,21,4,PROJET,15,2024-04-15
HRE000218,ENS0017,MAT0029,13,2,CM,30,2023-03-17
HRE000219,ENS0017,MAT0016,15,4,CM,35,2024-05-16
HRE000220,ENS0017,MAT0034,25,3,TP,40,2024-04-16
HRE000221,ENS0017,MAT0023,4,3,PROJET,20,2024-03-17
HRE000222,ENS0017,MAT0018,17,3,TP,20,2024-04-16
HRE000223,ENS0017,MAT0022,20,2,TD,20,2024-05-16
HRE000224,ENS0017,MAT0030,3,3,PROJET,30,2023-04-16
HRE000225,ENS0017,MAT0004,3,3,TD,15,2023-03-17
HRE000226,ENS0017,MAT0027,14,1,TP,15,2023-04-16
HRE000227,ENS0017,MAT0002,25,3,PROJET,35,2023-04-15
HRE000228,ENS0017,MAT0029,10,1,CM,40,2023-04-16
HRE000229,ENS0017,MAT0008,8,2,PROJET,40,2024-03-16
HRE000230,ENS0017,MAT0017,22,1,CM,35,2024-05-16
HRE000231,ENS0017,MAT0025,1,3,TD,40,2023-04-16
HRE000232,ENS0017,MAT0028,16,1,TD,25,2024-05-16
HRE000233,ENS0017,MAT0014,15,3,TD,20,2024-04-16
HRE000234,ENS0017,MAT0033,26,1,TP,25,2024-04-15
HRE000235,ENS0017,MAT0010,10,1,CM,25,2024-05-16
HRE000236,ENS0018,MAT0020,27,1,TP,25,2023-04-15
HRE000237,ENS0018,MAT0019,12,1,CM,30,2024-03-16
HRE000238,ENS0018,MAT0032,26,3,CM,35,2024-05-17
HRE000239,ENS0018,MAT0026,24,4,PROJET,35,2024-05-17
HRE000240,ENS0018,MAT0005,9,2,TD,25,2024-04-15
HRE000241,ENS0018,MAT0035,28,3,TP,40,2024-04-16
HRE000242,ENS0018,MAT0008,14,1,PROJET,35,2023-05-17
HRE000243,ENS0018,MAT0027,2,3,CM,40,2024-04-15
HRE000244,ENS0018,MAT0020,30,2,CM,15,2024-05-16
HRE000245,ENS0018,MAT0013,24,3,PROJET,15,2023-04-15
HRE000246,ENS0018,MAT0032,23,1,CM,35,2024-05-16
HRE000247,ENS0018,MAT0032,3,3,PROJET,30,2024-03-17
HRE000248,ENS0018,MAT0013,27,3,TD,30,2024-04-15
HRE000249,ENS0018,MAT0030,9,2,PROJET,40,2023-03-17
HRE000250,ENS0018,MAT0005,15,1,TP,30,2024-03-17
HRE000251,ENS0018,MAT0028,26,1,CM,30,2024-03-17
HRE000252,ENS0018,MAT0017,15,2,CM,40,2024-04-15
HRE000253,ENS0018,MAT0019,5,4,PROJET,30,2023-05-17
HRE000254,ENS0019,MAT0024,30,2,PROJET,35,2024-03-16
HRE000255,ENS0019,MAT0015,26,2,TD,15,2023-04-15
HRE000256,ENS0019,MAT0026,23,1,CM,20,2024-05-16
HRE000257,ENS0019,MAT0016,8,4,PROJET,25,2024-05-17
HRE000258,ENS0019,MAT0003,9,2,TD,30,2023-04-16
HRE000259,ENS0019,MAT0024,15,4,TP,15,2023-05-17
HRE000260,ENS0019,MAT0008,15,4,PROJET,15,2024-03-16
HRE000261,ENS0020,MAT0024,15,3,CM,20,2023-03-16
HRE000262,ENS0020,MAT0002,25,4,TP,10,2023-04-15
HRE000263,ENS0020,MAT0012,29,1,PROJET,20,2023-05-17
HRE000264,ENS0020,MAT0007,29,2,TP,10,2023-05-17
HRE000265,ENS0020,MAT0002,17,1,CM,35,2023-03-17
HRE000266,ENS0020,MAT0032,3,1,TD,35,2023-05-16
HRE000267,ENS0021,MAT0032,5,1,TD,15,2023-03-17
HRE000268,ENS0021,MAT0018,9,3,PROJET,10,2024-04-16
HRE000269,ENS0021,MAT0018,12,4,CM,35,2023-05-17
HRE000270,ENS0021,MAT0024,4,1,TP,30,2024-04-15
HRE000271,ENS0021,MAT0023,16,2,TD,25,2024-05-16
HRE000272,ENS0021,MAT0015,9,3,TP,35,2023-03-16
HRE000273,ENS0021,MAT0017,23,3,TP,10,2023-04-16
HRE000274,ENS0021,MAT0016,11,2,CM,25,2023-04-15
HRE000275,ENS0021,MAT0022,3,3,TD,10,2023-04-15
HRE000276,ENS0021,MAT0019,10,1,TD,35,2024-03-17
HRE000277,ENS0021,MAT0011,20,3,TP,40,2024-04-15
HRE000278,ENS0021,MAT0010,19,1,CM,20,2024-05-16
HRE000279,ENS0022,MAT0035,15,1,TP,40,2024-03-16
HRE000280,ENS0022,MAT0029,17,4,TP,30,2024-03-17
HRE000281,ENS0022,MAT0005,29,4,TP,30,2024-04-15
HRE000282,ENS0022,MAT0015,3,3,PROJET,10,2024-04-16
HRE000283,ENS0022,MAT0006,5,3,CM,15,2024-05-16
HRE000284,ENS0022,MAT0023,24,4,TP,40,2023-05-17
HRE000285,ENS0022,MAT0033,12,3,TD,40,2024-05-16
HRE000286,ENS0022,MAT0022,27,1,PROJET,20,2024-04-16
HRE000287,ENS0022,MAT0032,8,3,PROJET,25,2024-04-15
HRE000288,ENS0022,MAT0017,22,2,TD,30,2024-04-16
HRE000289,ENS0022,MAT0027,24,2,PROJET,30,2023-05-17
HRE000290,ENS0022,MAT0020,8,2,CM,10,2023-04-16
HRE000291,ENS0022,MAT0034,20,3,PROJET,25,2023-03-16
HRE000292,ENS0022,MAT0012,15,1,TP,25,2024-03-17
HRE000293,ENS0022,MAT0019,22,4,PROJET,25,2024-03-16
HRE000294,ENS0023,MAT0015,21,4,CM,20,2023-04-16
HRE000295,ENS0023,MAT0011,2,2,TP,30,2024-03-16
HRE000296,ENS0023,MAT0019,20,2,TD,15,2023-04-16
HRE000297,ENS0023,MAT0035,27,1,CM,30,2024-03-16
HRE000298,ENS0023,MAT0022,24,4,PROJET,40,2024-04-16
HRE000299,ENS0023,MAT0033,25,1,TD,15,2024-05-17
HRE000300,ENS0023,MAT0034,4,1,PROJET,35,2024-03-16
HRE000301,ENS0023,MAT0010,12,2,TD,30,2024-05-16
HRE000302,ENS0023,MAT0018,15,4,TD,35,2024-03-17
HRE000303,ENS0023,MAT0022,10,1,TD,40,2023-03-17
HRE000304,ENS0023,MAT0015,6,1,TD,40,2024-03-16
HRE000305,ENS0023,MAT0026,22,1,CM,35,2023-04-15
HRE000306,ENS0023,MAT0018,6,2,PROJET,20,2024-03-16
HRE000307,ENS0024,MAT0033,17,4,TP,10,2023-04-16
HRE000308,ENS0024,MAT0015,15,3,TP,10,2024-03-16
HRE000309,ENS0024,MAT0008,20,2,CM,30,2023-05-16
HRE000310,ENS0024,MAT0031,24,4,CM,25,2023-05-17
HRE000311,ENS0024,MAT0027,7,4,TP,15,2024-03-17
HRE000312,ENS0024,MAT0006,9,4,TD,20,2024-03-17
HRE000313,ENS0024,MAT0023,16,2,CM,25,2023-03-17
HRE000314,ENS0024,MAT0025,4,1,TP,25,2024-03-17
HRE000315,ENS0024,MAT0031,13,4,CM,20,2023-03-16
HRE000316,ENS0024,MAT0019,20,2,CM,20,2024-05-17
HRE000317,ENS0024,MAT0034,18,4,TD,40,2023-04-15
HRE000318,ENS0024,MAT0013,8,1,TD,20,2023-05-16
HRE000319,ENS0024,MAT0018,24,1,CM,20,2024-04-15
HRE000320,ENS0024,MAT0019,3,4,TP,35,2023-04-15
HRE000321,ENS0024,MAT0030,16,1,TD,35,2023-04-15
HRE000322,ENS0024,MAT0025,12,3,PROJET,35,2024-04-15
HRE000323,ENS0024,MAT0021,17,1,PROJET,25,2024-03-17
HRE000324,ENS0024,MAT0009,3,2,TD,15,2024-03-17
HRE000325,ENS0024,MAT0020,2,1,PROJET,15,2024-04-16
HRE000326,ENS0025,MAT0003,18,4,TP,35,2024-05-16
HRE000327,ENS0025,MAT0027,7,2,TP,25,2023-05-16
HRE000328,ENS0025,MAT0025,21,3,PROJET,40,2023-03-17
HRE000329,ENS0025,MAT0008,18,1,TP,15,2024-03-17
HRE000330,ENS0025,MAT0005,17,1,TP,10,2024-05-16
HRE000331,ENS0025,MAT0019,3,3,PROJET,40,2024-03-17
HRE000332,ENS0025,MAT0004,23,3,TP,20,2024-04-15
HRE000333,ENS0025,MAT0025,21,2,TP,30,2024-03-17
HRE000334,ENS0025,MAT0002,21,4,TD,15,2023-03-16
HRE000335,ENS0025,MAT0026,23,3,TP,25,2024-05-17
HRE000336,ENS0025,MAT0018,25,3,PROJET,10,2023-04-15
HRE000337,ENS0026,MAT0016,21,4,TP,40,2024-04-16
HRE000338,ENS0026,MAT0021,23,1,PROJET,40,2023-03-17
HRE000339,ENS0026,MAT0022,2,4,PROJET,10,2023-04-16
HRE000340,ENS0026,MAT0014,26,4,TD,10,2023-05-17
HRE000341,ENS0026,MAT0024,9,2,TP,30,2023-05-16
HRE000342,ENS0026,MAT0024,28,3,TP,25,2024-05-16
HRE000343,ENS0026,MAT0003,23,3,CM,30,2024-03-16
HRE000344,ENS0026,MAT0025,20,3,PROJET,35,2023-05-16
HRE000345,ENS0026,MAT0027,28,4,CM,10,2024-05-16
HRE000346,ENS0026,MAT0018,11,3,TP,10,2023-04-16
HRE000347,ENS0026,MAT0002,23,4,TD,15,2023-04-16
HRE000348,ENS0026,MAT0023,21,2,CM,20,2023-03-17
HRE000349,ENS0026,MAT0006,23,4,TD,25,2023-03-17
HRE000350,ENS0026,MAT0019,20,4,TD,25,2023-03-16
HRE000351,ENS0026,MAT0010,5,1,PROJET,30,2024-04-16
HRE000352,ENS0026,MAT0010,28,1,PROJET,40,2024-05-16
HRE000353,ENS0027,MAT0026,8,4,PROJET,10,2023-03-16
HRE000354,ENS0027,MAT0032,17,4,TP,15,2024-03-16
HRE000355,ENS0027,MAT0019,27,2,TD,25,2023-03-16
HRE000356,ENS0027,MAT0016,2,2,TD,25,2024-04-15
HRE000357,ENS0027,MAT0016,8,2,TD,20,2024-03-17
HRE000358,ENS0027,MAT0024,7,2,TP,40,2023-03-16
HRE000359,ENS0027,MAT0023,25,4,TD,10,2023-05-16
HRE000360,ENS0027,MAT0010,5,1,PROJET,15,2024-05-16
HRE000361,ENS0027,MAT0032,8,3,TD,15,2023-05-16
HRE000362,ENS0027,MAT0021,8,2,TP,30,2023-05-17
HRE000363,ENS0027,MAT0001,22,2,TD,10,2024-04-15
HRE000364,ENS0027,MAT0012,2,3,CM,35,2023-05-16
HRE000365,ENS0027,MAT0032,12,2,TP,30,2024-05-17
HRE000366,ENS0027,MAT0002,11,1,PROJET,20,2023-03-16
HRE000367,ENS0027,MAT0001,10,4,TD,20,2023-03-17
HRE000368,ENS0027,MAT0016,20,3,PROJET,15,2024-03-16
HRE000369,ENS0028,MAT0021,17,4,CM,10,2023-04-15
HRE000370,ENS0028,MAT0006,2,3,TD,40,2023-03-16
HRE000371,ENS0028,MAT0007,19,2,TP,25,2024-03-17
HRE000372,ENS0028,MAT0025,22,4,CM,10,2023-03-16
HRE000373,ENS0028,MAT0026,19,3,TD,20,2024-05-16
HRE000374,ENS0028,MAT0034,13,1,TP,10,2023-05-17
HRE000375,ENS0028,MAT0006,21,4,TD,40,2024-04-16
HRE000376,ENS0028,MAT0031,26,4,TD,15,2024-05-16
HRE000377,ENS0028,MAT0028,26,4,PROJET,35,2024-04-15
HRE000378,ENS0028,MAT0029,16,4,TP,35,2024-03-16
HRE000379,ENS0028,MAT0025,14,2,PROJET,40,2023-04-15
HRE000380,ENS0028,MAT0017,7,1,TP,30,2024-03-17
HRE000381,ENS0028,MAT0005,9,4,TP,30,2023-04-16
HRE000382,ENS0028,MAT0011,22,1,CM,30,2024-03-16
HRE000383,ENS0029,MAT0013,15,1,CM,10,2024-04-15
HRE000384,ENS0029,MAT0005,11,1,TD,10,2024-05-17
HRE000385,ENS0029,MAT0031,22,1,TP,10,2024-03-17
HRE000386,ENS0029,MAT0032,12,4,TD,40,2023-04-16
HRE000387,ENS0029,MAT0002,11,4,TP,30,2024-05-16
HRE000388,ENS0029,MAT0028,29,4,PROJET,10,2023-04-16
HRE000389,ENS0029,MAT0023,12,3,PROJET,20,2023-03-16
HRE000390,ENS0029,MAT0007,21,2,PROJET,15,2024-04-16
HRE000391,ENS0029,MAT0016,20,1,TP,30,2023-04-15
HRE000392,ENS0029,MAT0003,3,2,TP,20,2023-05-16
HRE000393,ENS0029,MAT0004,21,2,TD,15,2024-05-17
HRE000394,ENS0029,MAT0025,26,4,TP,10,2023-03-17
HRE000395,ENS0029,MAT0022,14,2,PROJET,30,2024-03-17
HRE000396,ENS0029,MAT0029,23,4,PROJET,10,2023-04-16
HRE000397,ENS0029,MAT0029,21,4,CM,25,2023-05-16
HRE000398,ENS0029,MAT0027,20,3,TD,10,2024-04-15
HRE000399,ENS0029,MAT0005,16,2,TP,35,2023-05-17
HRE000400,ENS0029,MAT0016,22,3,CM,30,2023-04-16
HRE000401,ENS0029,MAT0004,25,2,CM,20,2024-04-16
HRE000402,ENS0030,MAT0009,14,4,TP,30,2024-03-17
HRE000403,ENS0030,MAT0010,16,3,CM,40,2024-03-16
HRE000404,ENS0030,MAT0034,3,3,PROJET,20,2024-04-16
HRE000405,ENS0030,MAT0020,22,3,TP,20,2024-03-16
HRE000406,ENS0030,MAT0024,14,2,TP,35,2023-04-16
HRE000407,ENS0030,MAT0021,7,3,TP,25,2023-04-15
HRE000408,ENS0030,MAT0023,11,2,TP,35,2023-04-16
HRE000409,ENS0030,MAT0029,24,2,PROJET,15,2024-04-15
HRE000410,ENS0030,MAT0017,27,4,CM,20,2023-05-17
HRE000411,ENS0030,MAT0005,4,2,TP,15,2024-05-17
HRE000412,ENS0030,MAT0028,12,3,TP,10,2023-03-16
HRE000413,ENS0030,MAT0003,9,4,PROJET,25,2023-05-16
HRE000414,ENS0031,MAT0020,24,4,TP,40,2024-03-17
HRE000415,ENS0031,MAT0016,9,3,TP,40,2023-05-17
HRE000416,ENS0031,MAT0017,11,2,PROJET,10,2024-03-16
HRE000417,ENS0031,MAT0025,3,4,TD,25,2024-03-16
HRE000418,ENS0031,MAT0034,9,1,TD,35,2024-03-17
HRE000419,ENS0031,MAT0005,17,3,TP,10,2024-04-16
HRE000420,ENS0031,MAT0012,15,3,CM,10,2023-04-15
HRE000421,ENS0032,MAT0002,29,1,TP,25,2023-04-15
HRE000422,ENS0032,MAT0001,20,1,PROJET,10,2024-05-17
HRE000423,ENS0032,MAT0011,10,3,PROJET,25,2023-03-17
HRE000424,ENS0032,MAT0032,8,4,TD,20,2023-05-17
HRE000425,ENS0032,MAT0006,13,2,TD,35,2023-05-16
HRE000426,ENS0032,MAT0017,25,1,CM,25,2024-04-15
HRE000427,ENS0032,MAT0007,2,1,TD,40,2024-05-16
HRE000428,ENS0032,MAT0030,9,2,TD,20,2023-05-17
HRE000429,ENS0032,MAT0012,9,1,PROJET,30,2024-05-16
HRE000430,ENS0032,MAT0007,24,4,PROJET,35,2024-04-16
HRE000431,ENS0032,MAT0027,3,2,TD,30,2023-03-17
HRE000432,ENS0032,MAT0032,1,1,CM,35,2023-04-16
HRE000433,ENS0032,MAT0030,5,3,TP,15,2024-04-16
HRE000434,ENS0032,MAT0031,19,3,PROJET,25,2024-03-16
HRE000435,ENS0033,MAT0032,29,2,TD,15,2024-04-16
HRE000436,ENS0033,MAT0014,26,2,TD,10,2024-04-16
HRE000437,ENS0033,MAT0029,21,4,PROJET,15,2023-03-17
HRE000438,ENS0033,MAT0035,20,2,TP,10,2023-04-16
HRE000439,ENS0033,MAT0010,12,3,PROJET,25,2023-04-15
HRE000440,ENS0033,MAT0006,7,1,CM,25,2024-04-16
HRE000441,ENS0033,MAT0031,22,3,TP,30,2024-05-17
HRE000442,ENS0033,MAT0002,12,3,CM,25,2023-04-16
HRE000443,ENS0033,MAT0032,6,3,PROJET,30,2023-03-17
HRE000444,ENS0033,MAT0030,4,3,TP,35,2023-05-16
HRE000445,ENS0033,MAT0005,5,1,CM,15,2024-05-16
HRE000446,ENS0033,MAT0002,17,2,PROJET,30,2023-04-15
HRE000447,ENS0033,MAT0032,28,4,PROJET,10,2023-03-17
HRE000448,ENS0033,MAT0019,27,4,TD,40,2024-04-15
HRE000449,ENS0033,MAT0020,22,3,CM,35,2024-04-16
HRE000450,ENS0033,MAT0001,11,2,TP,15,2023-05-16
HRE000451,ENS0033,MAT0020,23,4,TP,10,2023-03-16
HRE000452,ENS0033,MAT0017,27,4,TP,30,2023-04-16
HRE000453,ENS0034,MAT0018,1,3,TP,25,2023-04-15
HRE000454,ENS0034,MAT0012,13,1,PROJET,20,2023-05-17
HRE000455,ENS0034,MAT0011,25,3,CM,15,2023-05-17
HRE000456,ENS0034,MAT0004,20,1,PROJET,15,2024-03-17
HRE000457,ENS0034,MAT0011,24,2,TP,20,2024-04-15
HRE000458,ENS0034,MAT0031,4,4,TD,40,2023-03-17
HRE000459,ENS0034,MAT0023,1,1,TD,30,2024-03-17
HRE000460,ENS0034,MAT0030,17,4,TP,10,2023-04-15
HRE000461,ENS0034,MAT0020,3,3,CM,25,2023-05-16
HRE000462,ENS0034,MAT0006,2,4,PROJET,20,2024-03-17
HRE000463,ENS0034,MAT0029,23,1,TD,20,2024-05-17
HRE000464,ENS0034,MAT0011,24,4,TP,35,2024-04-15
HRE000465,ENS0034,MAT0026,14,2,TD,40,2024-03-16
HRE000466,ENS0034,MAT0007,14,1,TP,25,2023-04-15
HRE000467,ENS0035,MAT0020,28,4,TP,30,2024-04-15
HRE000468,ENS0035,MAT0028,24,2,TD,30,2023-03-17
HRE000469,ENS0035,MAT0029,3,1,CM,25,2024-04-16
HRE000470,ENS0035,MAT0016,16,1,PROJET,30,2024-05-16
HRE000471,ENS0035,MAT0018,25,2,TD,20,2023-03-16
HRE000472,ENS0036,MAT0008,17,2,PROJET,35,2023-03-17
HRE000473,ENS0036,MAT0012,6,1,TD,25,2023-05-17
HRE000474,ENS0036,MAT0002,12,3,PROJET,25,2023-04-16
HRE000475,ENS0036,MAT0004,29,4,TD,40,2023-04-16
HRE000476,ENS0036,MAT0017,17,3,CM,30,2023-04-15
HRE000477,ENS0036,MAT0021,15,2,TD,25,2023-05-16
HRE000478,ENS0036,MAT0034,12,4,CM,35,2023-04-16
HRE000479,ENS0036,MAT0028,2,1,CM,15,2024-03-17
HRE000480,ENS0036,MAT0006,9,2,TP,30,2023-03-16
HRE000481,ENS0036,MAT0001,14,2,TD,25,2024-05-17
HRE000482,ENS0036,MAT0004,21,3,CM,30,2024-05-17
HRE000483,ENS0036,MAT0023,22,3,CM,15,2024-03-16
HRE000484,ENS0036,MAT0024,22,3,TD,20,2024-04-16
HRE000485,ENS0037,MAT0032,20,2,TD,35,2023-05-16
HRE000486,ENS0037,MAT0019,17,3,TP,20,2023-05-16
HRE000487,ENS0037,MAT0021,24,2,TD,30,2024-05-17
HRE000488,ENS0037,MAT0032,12,2,PROJET,35,2024-04-15
HRE000489,ENS0037,MAT0020,19,1,TP,20,2024-04-16
HRE000490,ENS0037,MAT0008,23,2,CM,15,2024-04-15
HRE000491,ENS0037,MAT0028,22,3,TD,10,2024-05-17
HRE000492,ENS0037,MAT0010,25,4,PROJET,25,2024-03-17
HRE000493,ENS0037,MAT0034,26,1,TD,35,2024-05-16
HRE000494,ENS0037,MAT0030,26,3,TD,35,2023-03-17
HRE000495,ENS0037,MAT0032,19,1,PROJET,35,2024-03-16
HRE000496,ENS0037,MAT0015,17,1,CM,10,2023-03-17
HRE000497,ENS0037,MAT0028,22,4,CM,15,2024-03-17
HRE000498,ENS0037,MAT0026,13,2,TD,30,2023-03-16
HRE000499,ENS0037,MAT0014,27,1,PROJET,15,2023-04-16
HRE000500,ENS0038,MAT0020,24,3,PROJET,20,2023-04-16
HRE000501,ENS0038,MAT0007,9,4,PROJET,10,2024-03-16
HRE000502,ENS0038,MAT0027,2,4,CM,40,2024-05-16
HRE000503,ENS0038,MAT0013,17,2,TP,20,2024-03-17
HRE000504,ENS0038,MAT0003,10,2,TP,10,2023-03-16
HRE000505,ENS0038,MAT0015,9,4,CM,40,2023-03-17
HRE000506,ENS0038,MAT0005,1,2,TP,25,2023-04-15
HRE000507,ENS0038,MAT0035,2,1,TD,25,2024-03-17
HRE000508,ENS0038,MAT0020,11,2,TD,10,2024-03-17
HRE000509,ENS0038,MAT0028,6,1,CM,20,2024-05-17
HRE000510,ENS0038,MAT0006,10,2,PROJET,10,2024-04-15
HRE000511,ENS0038,MAT0029,15,2,CM,35,2024-04-15
HRE000512,ENS0039,MAT0020,7,4,TD,20,2023-05-16
HRE000513,ENS0039,MAT0007,7,1,CM,25,2024-05-16
HRE000514,ENS0039,MAT0033,22,1,CM,15,2023-05-16
HRE000515,ENS0039,MAT0017,22,4,PROJET,30,2023-04-15
HRE000516,ENS0039,MAT0021,6,3,CM,25,2023-03-16
HRE000517,ENS0039,MAT0012,7,2,TP,15,2024-03-16
HRE000518,ENS0039,MAT0028,26,1,TP,10,2023-04-16
HRE000519,ENS0039,MAT0014,23,4,PROJET,15,2023-05-16
HRE000520,ENS0039,MAT0011,30,3,PROJET,40,2024-03-16
HRE000521,ENS0039,MAT0029,27,4,PROJET,30,2024-03-17
HRE000522,ENS0039,MAT0008,19,1,CM,40,2023-04-16
HRE000523,ENS0039,MAT0005,17,3,PROJET,40,2024-04-15
HRE000524,ENS0039,MAT0007,10,2,TD,40,2023-05-16
HRE000525,ENS0039,MAT0004,22,3,PROJET,30,2023-05-16
HRE000526,ENS0039,MAT0027,17,2,CM,15,2024-04-16
HRE000527,ENS0039,MAT0033,7,2,TP,30,2023-03-17
HRE000528,ENS0039,MAT0014,30,1,TP,30,2024-04-16
HRE000529,ENS0039,MAT0010,16,4,CM,35,2023-03-17
HRE000530,ENS0039,MAT0024,7,4,PROJET,20,2024-04-16
HRE000531,ENS0039,MAT0010,20,3,PROJET,30,2024-03-16
HRE000532,ENS0040,MAT0007,26,1,PROJET,15,2024-03-17
HRE000533,ENS0040,MAT0002,16,1,PROJET,20,2024-03-16
HRE000534,ENS0040,MAT0010,16,1,TD,20,2024-04-16
HRE000535,ENS0040,MAT0030,15,3,PROJET,25,2023-03-16
HRE000536,ENS0040,MAT0026,3,3,TP,35,2023-03-17
HRE000537,ENS0040,MAT0016,9,3,TP,30,2023-04-16
HRE000538,ENS0040,MAT0011,29,2,PROJET,15,2023-04-16
HRE000539,ENS0041,MAT0018,9,1,CM,25,2023-04-15
HRE000540,ENS0041,MAT0025,24,4,CM,30,2024-03-17
HRE000541,ENS0041,MAT0004,22,1,TP,40,2023-04-15
HRE000542,ENS0041,MAT0007,20,4,CM,35,2024-04-15
HRE000543,ENS0041,MAT0015,17,3,TD,35,2023-05-16
HRE000544,ENS0041,MAT0022,17,4,TP,40,2024-05-16
HRE000545,ENS0041,MAT0004,20,4,TP,30,2024-05-17
HRE000546,ENS0041,MAT0032,28,1,TP,15,2023-04-16
HRE000547,ENS0041,MAT0009,24,2,TP,30,2023-03-17
HRE000548,ENS0041,MAT0031,3,3,TD,10,2023-05-17
HRE000549,ENS0041,MAT0010,19,3,TD,25,2023-04-15
HRE000550,ENS0041,MAT0018,12,2,PROJET,20,2024-05-16
HRE000551,ENS0042,MAT0011,11,2,PROJET,25,2023-04-15
HRE000552,ENS0042,MAT0011,15,3,TP,15,2024-04-16
HRE000553,ENS0042,MAT0018,9,4,CM,15,2023-04-16
HRE000554,ENS0042,MAT0018,25,4,PROJET,40,2024-05-17
HRE000555,ENS0042,MAT0010,5,1,TP,15,2024-05-16
HRE000556,ENS0042,MAT0028,28,2,TD,25,2023-03-16
HRE000557,ENS0042,MAT0033,14,2,PROJET,15,2024-05-16
HRE000558,ENS0042,MAT0015,18,4,TD,20,2024-05-17
HRE000559,ENS0042,MAT0025,7,2,CM,35,2023-05-16
HRE000560,ENS0042,MAT0031,11,1,TP,30,2023-04-15
HRE000561,ENS0042,MAT0029,9,1,TD,10,2023-04-16
HRE000562,ENS0042,MAT0018,10,2,TD,25,2024-03-16
HRE000563,ENS0042,MAT0019,3,4,CM,25,2024-04-15
HRE000564,ENS0042,MAT0011,5,1,CM,40,2023-05-16
HRE000565,ENS0042,MAT0024,3,4,PROJET,25,2024-03-17
HRE000566,ENS0042,MAT0014,17,3,PROJET,15,2023-05-17
HRE000567,ENS0042,MAT0024,25,2,TD,20,2024-05-16
HRE000568,ENS0042,MAT0034,3,4,TD,20,2024-04-15
HRE000569,ENS0042,MAT0004,24,3,TP,25,2024-05-16
HRE000570,ENS0042,MAT0003,2,3,PROJET,25,2023-05-17
HRE000571,ENS0043,MAT0021,14,3,TD,35,2024-03-16
HRE000572,ENS0043,MAT0010,1,2,CM,35,2024-04-16
HRE000573,ENS0043,MAT0028,8,4,CM,35,2023-05-16
HRE000574,ENS0043,MAT0003,4,3,PROJET,10,2024-04-15
HRE000575,ENS0043,MAT0020,23,4,CM,15,2024-05-16
HRE000576,ENS0043,MAT0027,7,3,PROJET,25,2023-05-17
HRE000577,ENS0043,MAT0003,28,2,TD,15,2024-04-16
HRE000578,ENS0043,MAT0027,29,3,PROJET,35,2023-04-15
HRE000579,ENS0043,MAT0009,4,4,TP,15,2024-03-17
HRE000580,ENS0043,MAT0027,2,1,CM,40,2023-05-17
HRE000581,ENS0043,MAT0009,23,2,TP,20,2023-04-15
HRE000582,ENS0043,MAT0016,29,4,PROJET,25,2024-05-16
HRE000583,ENS0044,MAT0018,24,1,TP,35,2023-04-16
HRE000584,ENS0044,MAT0016,2,1,PROJET,10,2023-04-15
HRE000585,ENS0044,MAT0013,21,2,PROJET,15,2023-03-16
HRE000586,ENS0044,MAT0007,23,3,CM,15,2024-04-16
HRE000587,ENS0044,MAT0013,22,1,PROJET,10,2023-05-17
HRE000588,ENS0044,MAT0033,11,3,TD,25,2023-03-17
HRE000589,ENS0044,MAT0027,16,4,TD,20,2023-03-16
HRE000590,ENS0044,MAT0016,12,1,PROJET,10,2023-05-16
HRE000591,ENS0044,MAT0015,3,3,TD,20,2023-05-16
HRE000592,ENS0044,MAT0005,26,4,TP,25,2023-04-15
HRE000593,ENS0044,MAT0001,6,4,TP,30,2023-05-17
HRE000594,ENS0044,MAT0029,26,2,CM,10,2024-04-16
HRE000595,ENS0044,MAT0026,14,4,PROJET,15,2023-04-16
HRE000596,ENS0044,MAT0003,2,4,TP,40,2024-03-16
HRE000597,ENS0044,MAT0023,20,1,CM,10,2024-05-16
HRE000598,ENS0044,MAT0034,20,4,PROJET,15,2024-03-17
HRE000599,ENS0044,MAT0030,10,3,CM,30,2023-03-16
HRE000600,ENS0044,MAT0033,16,4,TP,30,2023-03-16
HRE000601,ENS0044,MAT0007,17,3,TD,30,2023-03-17
HRE000602,ENS0044,MAT0023,2,3,CM,25,2023-04-16
HRE000603,ENS0045,MAT0010,13,3,PROJET,40,2023-05-16
HRE000604,ENS0045,MAT0032,15,2,TD,35,2024-05-16
HRE000605,ENS0045,MAT0009,15,3,CM,30,2023-05-17
HRE000606,ENS0045,MAT0015,25,4,PROJET,25,2024-05-17
HRE000607,ENS0045,MAT0025,8,2,TD,15,2023-05-16
HRE000608,ENS0045,MAT0018,24,4,TP,15,2024-03-16
HRE000609,ENS0045,MAT0028,5,2,TP,25,2023-05-16
HRE000610,ENS0045,MAT0032,17,4,TP,35,2023-05-16
HRE000611,ENS0045,MAT0033,23,2,TD,15,2024-05-16
HRE000612,ENS0045,MAT0031,26,4,TD,40,2023-04-16
HRE000613,ENS0045,MAT0014,26,3,PROJET,40,2023-03-17
HRE000614,ENS0045,MAT0024,5,2,PROJET,20,2024-03-16
HRE000615,ENS0045,MAT0029,8,2,TP,40,2023-05-17
HRE000616,ENS0045,MAT0005,8,2,TD,20,2023-04-15
HRE000617,ENS0045,MAT0021,20,1,PROJET,40,2023-04-16
HRE000618,ENS0045,MAT0023,8,4,TP,10,2024-03-17
HRE000619,ENS0045,MAT0034,27,4,TP,35,2024-03-16
HRE000620,ENS0045,MAT0027,8,1,TD,10,2023-04-15
HRE000621,ENS0045,MAT0030,13,3,TP,40,2023-03-16
HRE000622,ENS0046,MAT0034,22,4,CM,15,2024-04-15
HRE000623,ENS0046,MAT0020,4,2,TD,15,2023-04-16
HRE000624,ENS0046,MAT0001,10,1,PROJET,30,2024-04-15
HRE000625,ENS0046,MAT0001,4,3,TP,25,2023-04-15
HRE000626,ENS0046,MAT0006,10,1,CM,35,2024-03-16
HRE000627,ENS0047,MAT0022,23,4,TD,10,2023-03-16
HRE000628,ENS0047,MAT0032,11,4,TP,15,2023-03-16
HRE000629,ENS0047,MAT0008,21,1,TP,25,2024-05-16
HRE000630,ENS0047,MAT0027,22,1,TP,20,2024-03-16
HRE000631,ENS0047,MAT0021,1,2,TP,40,2023-03-16
HRE000632,ENS0047,MAT0028,14,3,TP,15,2024-04-15
HRE000633,ENS0047,MAT0011,4,2,TD,40,2024-04-16
HRE000634,ENS0047,MAT0025,21,1,PROJET,25,2024-03-17
HRE000635,ENS0047,MAT0023,26,3,TD,30,2024-05-16
HRE000636,ENS0047,MAT0019,2,1,PROJET,10,2024-03-16
HRE000637,ENS0047,MAT0033,12,4,TP,25,2023-04-15
HRE000638,ENS0047,MAT0020,16,2,PROJET,30,2023-04-16
HRE000639,ENS0047,MAT0019,13,2,TP,15,2023-05-16
HRE000640,ENS0048,MAT0024,24,2,TD,25,2024-05-17
HRE000641,ENS0048,MAT0026,16,4,TP,20,2023-04-15
HRE000642,ENS0048,MAT0022,5,1,CM,20,2024-05-17
HRE000643,ENS0048,MAT0024,22,3,TD,35,2023-04-15
HRE000644,ENS0048,MAT0003,25,1,TP,25,2023-03-16
HRE000645,ENS0048,MAT0034,4,2,PROJET,25,2023-05-17
HRE000646,ENS0048,MAT0015,8,2,CM,30,2023-05-16
HRE000647,ENS0048,MAT0011,12,3,TD,30,2024-03-17
HRE000648,ENS0048,MAT0019,15,4,CM,30,2024-03-16
HRE000649,ENS0048,MAT0034,17,3,PROJET,25,2023-05-16
HRE000650,ENS0048,MAT0020,12,1,TP,15,2023-03-16
HRE000651,ENS0048,MAT0014,19,2,CM,30,2023-03-16
HRE000652,ENS0048,MAT0025,7,4,CM,25,2024-03-16
HRE000653,ENS0048,MAT0035,18,1,CM,20,2023-03-17
HRE000654,ENS0048,MAT0035,30,1,TP,20,2023-04-15
HRE000655,ENS0049,MAT0008,14,3,TP,20,2023-05-17
HRE000656,ENS0049,MAT0026,20,4,CM,40,2023-05-17
HRE000657,ENS0049,MAT0006,18,3,TP,25,2024-03-16
HRE000658,ENS0049,MAT0010,11,3,TD,20,2024-05-17
HRE000659,ENS0049,MAT0035,5,4,CM,15,2023-03-17
HRE000660,ENS0049,MAT0027,11,1,PROJET,15,2024-03-16
HRE000661,ENS0049,MAT0012,21,1,TP,25,2023-05-17
HRE000662,ENS0049,MAT0008,27,4,TD,40,2024-03-17
HRE000663,ENS0049,MAT0020,19,1,PROJET,10,2023-05-16
HRE000664,ENS0049,MAT0035,19,2,PROJET,25,2023-03-17
HRE000665,ENS0050,MAT0031,26,1,TP,20,2024-04-16
HRE000666,ENS0050,MAT0008,5,1,CM,20,2024-05-17
HRE000667,ENS0050,MAT0006,21,4,CM,20,2024-03-17
HRE000668,ENS0050,MAT0004,26,1,TD,30,2024-05-17
HRE000669,ENS0050,MAT0003,16,4,TP,25,2024-04-16
HRE000670,ENS0050,MAT0018,13,1,CM,10,2024-05-17
HRE000671,ENS0050,MAT0022,8,3,TP,40,2023-03-16
HRE000672,ENS0050,MAT0024,16,2,TP,10,2024-05-17
HRE000673,ENS0050,MAT0003,23,1,PROJET,25,2023-04-16
HRE000674,ENS0050,MAT0012,18,3,PROJET,20,2024-03-17
HRE000675,ENS0050,MAT0018,14,2,TD,25,2023-04-16
HRE000676,ENS0050,MAT0001,22,3,CM,20,2024-03-16
HRE000677,ENS0050,MAT0030,22,2,TD,35,2024-04-16
HRE000678,ENS0050,MAT0009,2,2,TP,40,2024-04-16
HRE000679,ENS0051,MAT0002,13,3,TP,30,2024-04-15
HRE000680,ENS0051,MAT0010,29,4,CM,15,2023-04-15
HRE000681,ENS0051,MAT0021,16,3,PROJET,35,2023-04-15
HRE000682,ENS0051,MAT0014,20,2,CM,10,2023-04-16
HRE000683,ENS0051,MAT0011,5,4,TD,20,2024-05-17
HRE000684,ENS0051,MAT0011,19,3,PROJET,20,2024-04-16
HRE000685,ENS0052,MAT0026,12,1,CM,15,2024-04-16
HRE000686,ENS0052,MAT0017,26,1,PROJET,40,2024-03-17
HRE000687,ENS0052,MAT0005,27,1,PROJET,10,2024-04-16
HRE000688,ENS0052,MAT0003,3,2,PROJET,25,2024-04-16
HRE000689,ENS0052,MAT0017,18,2,PROJET,10,2023-04-16
HRE000690,ENS0052,MAT0028,27,4,TD,35,2024-05-17
HRE000691,ENS0052,MAT0033,23,3,PROJET,35,2023-03-17
HRE000692,ENS0052,MAT0014,12,3,CM,35,2024-03-17
HRE000693,ENS0052,MAT0013,2,1,PROJET,20,2024-04-16
HRE000694,ENS0052,MAT0031,6,3,PROJET,10,2024-03-16
HRE000695,ENS0052,MAT0035,27,1,TP,20,2024-04-16
HRE000696,ENS0052,MAT0008,10,4,PROJET,25,2024-03-16
HRE000697,ENS0052,MAT0004,4,3,TP,15,2023-05-16
HRE000698,ENS0052,MAT0024,8,3,PROJET,10,2024-04-16
HRE000699,ENS0052,MAT0008,17,1,CM,10,2024-03-17
HRE000700,ENS0053,MAT0033,19,1,TD,15,2024-04-16
HRE000701,ENS0053,MAT0028,7,3,PROJET,40,2023-05-16
HRE000702,ENS0053,MAT0022,20,1,TP,30,2024-03-17
HRE000703,ENS0053,MAT0035,25,1,CM,10,2023-03-17
HRE000704,ENS0053,MAT0027,21,2,TP,25,2023-03-16
HRE000705,ENS0053,MAT0010,12,3,CM,20,2024-05-17
HRE000706,ENS0054,MAT0009,25,1,TP,20,2023-04-16
HRE000707,ENS0054,MAT0028,13,1,TD,25,2024-05-17
HRE000708,ENS0054,MAT0016,7,3,PROJET,10,2024-03-17
HRE000709,ENS0054,MAT0006,18,4,TD,25,2023-03-17
HRE000710,ENS0054,MAT0024,22,4,TP,10,2024-03-16
HRE000711,ENS0054,MAT0019,26,2,TD,10,2023-03-16
HRE000712,ENS0054,MAT0003,20,4,PROJET,40,2024-03-17
HRE000713,ENS0054,MAT0011,8,3,TP,30,2023-05-16
HRE000714,ENS0055,MAT0008,27,3,PROJET,30,2023-04-15
HRE000715,ENS0055,MAT0005,23,1,TP,30,2024-04-16
HRE000716,ENS0055,MAT0028,23,2,PROJET,30,2024-04-16
HRE000717,ENS0055,MAT0005,27,2,TD,40,2023-03-17
HRE000718,ENS0055,MAT0012,4,1,CM,20,2023-04-16
HRE000719,ENS0055,MAT0034,14,4,TP,15,2023-03-16
HRE000720,ENS0055,MAT0004,4,4,PROJET,15,2024-05-17
HRE000721,ENS0055,MAT0007,12,3,PROJET,25,2023-05-17
HRE000722,ENS0055,MAT0012,21,2,TD,30,2024-04-15
HRE000723,ENS0055,MAT0015,23,1,TD,10,2024-03-17
HRE000724,ENS0055,MAT0035,13,2,CM,10,2023-03-16
HRE000725,ENS0055,MAT0007,2,3,PROJET,35,2024-05-17
HRE000726,ENS0055,MAT0013,9,1,TP,30,2023-04-15
HRE000727,ENS0055,MAT0030,19,4,CM,10,2024-04-15
HRE000728,ENS0055,MAT0020,26,4,TD,25,2024-03-17
HRE000729,ENS0055,MAT0026,23,2,CM,40,2024-04-15
HRE000730,ENS0055,MAT0014,1,3,TP,40,2024-03-16
HRE000731,ENS0055,MAT0012,18,4,TD,15,2024-03-17
HRE000732,ENS0055,MAT0021,21,3,TD,15,2024-04-16
HRE000733,ENS0055,MAT0018,12,3,TD,40,2024-04-15
HRE000734,ENS0056,MAT0027,1,1,TP,20,2024-04-15
HRE000735,ENS0056,MAT0021,2,4,TD,40,2024-03-16
HRE000736,ENS0056,MAT0014,22,3,CM,30,2023-05-17
HRE000737,ENS0056,MAT0032,14,4,TD,25,2023-05-17
HRE000738,ENS0056,MAT0020,21,3,TD,15,2023-04-16
HRE000739,ENS0056,MAT0020,19,1,PROJET,35,2023-04-16
HRE000740,ENS0056,MAT0008,17,1,CM,10,2024-03-16
HRE000741,ENS0056,MAT0027,9,2,TP,10,2024-04-15
HRE000742,ENS0056,MAT0024,30,1,CM,15,2024-04-15
HRE000743,ENS0056,MAT0011,21,3,CM,40,2024-05-17
HRE000744,ENS0056,MAT0023,11,3,CM,15,2023-03-16
HRE000745,ENS0056,MAT0019,13,4,TP,20,2024-05-16
HRE000746,ENS0056,MAT0029,25,1,TD,20,2023-03-17
HRE000747,ENS0056,MAT0029,2,3,PROJET,35,2023-05-16
HRE000748,ENS0056,MAT0005,3,1,CM,20,2023-04-15
HRE000749,ENS0056,MAT0021,27,1,PROJET,25,2023-03-17
HRE000750,ENS0056,MAT0026,8,2,TD,35,2024-03-17
HRE000751,ENS0056,MAT0003,21,1,PROJET,20,2024-04-16
HRE000752,ENS0056,MAT0005,13,1,TP,40,2024-03-17
HRE000753,ENS0056,MAT0009,13,2,PROJET,25,2023-04-16
HRE000754,ENS0057,MAT0006,11,4,CM,30,2023-03-17
HRE000755,ENS0057,MAT0025,27,4,PROJET,30,2023-05-17
HRE000756,ENS0057,MAT0031,7,1,PROJET,20,2023-03-16
HRE000757,ENS0057,MAT0006,13,4,PROJET,20,2024-04-15
HRE000758,ENS0057,MAT0008,16,2,TD,30,2023-03-16
HRE000759,ENS0057,MAT0026,3,1,PROJET,25,2023-05-17
HRE000760,ENS0057,MAT0001,24,3,PROJET,10,2024-04-16
HRE000761,ENS0057,MAT0011,3,1,CM,15,2024-04-16
HRE000762,ENS0057,MAT0033,1,3,PROJET,35,2023-04-16
HRE000763,ENS0057,MAT0014,9,3,PROJET,10,2023-04-15
HRE000764,ENS0058,MAT0024,7,2,CM,35,2024-05-17
HRE000765,ENS0058,MAT0029,5,1,CM,25,2024-04-16
HRE000766,ENS0058,MAT0030,19,2,CM,40,2024-05-16
HRE000767,ENS0058,MAT0015,1,2,TD,10,2024-05-17
HRE000768,ENS0058,MAT0035,18,3,TD,15,2024-05-16
HRE000769,ENS0058,MAT0020,6,3,PROJET,40,2023-03-17
HRE000770,ENS0058,MAT0001,10,2,TP,10,2024-05-17
HRE000771,ENS0058,MAT0022,23,2,PROJET,30,2024-05-16
HRE000772,ENS0058,MAT0005,25,2,PROJET,35,2023-05-17
HRE000773,ENS0058,MAT0004,17,1,PROJET,40,2024-05-17
HRE000774,ENS0058,MAT0012,3,3,CM,15,2023-03-16
HRE000775,ENS0058,MAT0014,22,3,TP,40,2023-04-16
HRE000776,ENS0058,MAT0010,15,2,PROJET,25,2023-05-17
HRE000777,ENS0058,MAT0028,4,4,PROJET,35,2023-04-16
HRE000778,ENS0058,MAT0006,2,4,CM,15,2023-03-16
HRE000779,ENS0058,MAT0023,16,2,TD,35,2023-03-17
HRE000780,ENS0058,MAT0025,2,1,PROJET,30,2024-05-16
HRE000781,ENS0059,MAT0001,7,1,TD,10,2024-05-17
HRE000782,ENS0059,MAT0028,3,4,TP,10,2023-04-15
HRE000783,ENS0059,MAT0023,10,2,TP,20,2023-04-16
HRE000784,ENS0059,MAT0020,17,2,CM,25,2024-04-15
HRE000785,ENS0059,MAT0032,13,2,TP,40,2023-03-16
HRE000786,ENS0059,MAT0032,10,4,CM,30,2024-03-16
HRE000787,ENS0059,MAT0022,7,3,PROJET,15,2023-05-16
HRE000788,ENS0059,MAT0018,10,4,PROJET,40,2024-04-15
HRE000789,ENS0059,MAT0010,28,4,CM,20,2023-04-15
HRE000790,ENS0059,MAT0011,26,1,PROJET,35,2023-03-17
HRE000791,ENS0059,MAT0012,17,2,TD,10,2023-05-17
HRE000792,ENS0059,MAT0016,11,3,CM,10,2024-04-15
HRE000793,ENS0060,MAT0028,9,4,TP,20,2024-05-17
HRE000794,ENS0060,MAT0004,24,3,TP,35,2024-04-15
HRE000795,ENS0060,MAT0026,24,4,CM,15,2024-05-16
HRE000796,ENS0060,MAT0018,30,1,CM,10,2023-03-17
HRE000797,ENS0060,MAT0017,3,3,PROJET,25,2024-05-16
HRE000798,ENS0060,MAT0012,25,1,TP,40,2024-04-16
HRE000799,ENS0060,MAT0025,10,2,TP,30,2024-03-16
HRE000800,ENS0060,MAT0035,1,1,PROJET,40,2023-03-17
HRE000801,ENS0060,MAT0013,1,1,TP,15,2023-04-16
HRE000802,ENS0060,MAT0003,10,3,TP,25,2024-04-15
HRE000803,ENS0060,MAT0030,9,4,TD,35,2023-05-16
HRE000804,ENS0060,MAT0035,2,4,TD,40,2023-05-17
HRE000805,ENS0060,MAT0032,17,2,TP,25,2024-04-16
HRE000806,ENS0060,MAT0013,11,3,CM,25,2023-05-17
HRE000807,ENS0060,MAT0028,24,2,TD,10,2024-04-15
HRE000808,ENS0060,MAT0023,3,4,PROJET,25,2024-05-17
HRE000809,ENS0060,MAT0013,24,1,TP,15,2024-04-16
HRE000810,ENS0060,MAT0034,17,2,TP,40,2024-04-16
HRE000811,ENS0060,MAT0029,18,2,TP,15,2024-04-16
HRE000812,ENS0061,MAT0001,16,4,TP,15,2023-03-16
HRE000813,ENS0061,MAT0027,18,2,CM,40,2023-05-17
HRE000814,ENS0061,MAT0009,6,1,TP,30,2023-03-16
HRE000815,ENS0061,MAT0022,6,2,TP,40,2023-04-16
HRE000816,ENS0061,MAT0004,23,3,CM,15,2024-03-16
HRE000817,ENS0061,MAT0024,7,4,PROJET,25,2023-04-16
HRE000818,ENS0061,MAT0032,14,4,PROJET,40,2023-04-15
HRE000819,ENS0061,MAT0004,21,2,TD,25,2023-03-17
HRE000820,ENS0061,MAT0029,4,3,TD,40,2024-05-16
HRE000821,ENS0062,MAT0033,17,2,TD,15,2024-05-16
HRE000822,ENS0062,MAT0010,7,3,CM,30,2023-05-17
HRE000823,ENS0062,MAT0028,2,4,TD,30,2023-04-15
HRE000824,ENS0062,MAT0032,20,1,TP,35,2023-03-17
HRE000825,ENS0062,MAT0013,10,1,CM,15,2023-03-16
HRE000826,ENS0062,MAT0014,19,4,TD,25,2023-04-15
HRE000827,ENS0062,MAT0027,14,1,TD,40,2024-05-16
HRE000828,ENS0062,MAT0007,27,3,TP,30,2024-05-16
HRE000829,ENS0062,MAT0017,25,4,CM,35,2023-04-15
HRE000830,ENS0062,MAT0018,8,1,CM,40,2023-04-16
HRE000831,ENS0062,MAT0027,20,4,TD,10,2024-05-16
HRE000832,ENS0062,MAT0013,19,2,TP,35,2023-05-16
HRE000833,ENS0062,MAT0004,10,3,CM,25,2024-04-15
HRE000834,ENS0062,MAT0022,7,3,TP,10,2023-03-16
HRE000835,ENS0062,MAT0017,25,1,TP,25,2023-03-16
HRE000836,ENS0062,MAT0004,21,2,TP,40,2023-05-16
HRE000837,ENS0062,MAT0004,4,4,TD,40,2024-04-16
HRE000838,ENS0062,MAT0021,4,4,TD,20,2024-03-17
HRE000839,ENS0062,MAT0011,15,1,PROJET,15,2023-03-16
HRE000840,ENS0062,MAT0018,3,3,CM,30,2023-04-15
HRE000841,ENS0063,MAT0005,17,4,TD,15,2023-03-17
HRE000842,ENS0063,MAT0035,7,3,CM,20,2024-05-17
HRE000843,ENS0063,MAT0007,3,4,TP,30,2023-03-17
HRE000844,ENS0063,MAT0026,3,4,CM,35,2023-04-16
HRE000845,ENS0063,MAT0023,18,3,TD,20,2023-03-16
HRE000846,ENS0063,MAT0019,2,2,TD,30,2023-04-16
HRE000847,ENS0063,MAT0008,20,3,CM,25,2023-04-15
HRE000848,ENS0063,MAT0029,9,4,TD,15,2024-05-16
HRE000849,ENS0063,MAT0010,4,1,CM,25,2023-04-16
HRE000850,ENS0063,MAT0030,3,4,TP,20,2024-03-16
HRE000851,ENS0063,MAT0012,6,1,TD,10,2024-03-16
HRE000852,ENS0063,MAT0028,14,3,CM,25,2023-05-16
HRE000853,ENS0063,MAT0017,26,1,TP,30,2024-03-17
HRE000854,ENS0063,MAT0029,24,2,TD,10,2023-04-15
HRE000855,ENS0063,MAT0013,27,4,CM,20,2023-03-17
HRE000856,ENS0063,MAT0019,10,3,CM,25,2023-05-16
HRE000857,ENS0063,MAT0028,15,2,TD,40,2023-04-15
HRE000858,ENS0063,MAT0035,26,3,CM,35,2024-05-17
HRE000859,ENS0064,MAT0026,12,3,TP,25,2024-04-15
HRE000860,ENS0064,MAT0032,7,3,TP,20,2024-04-16
HRE000861,ENS0064,MAT0022,25,1,TD,35,2024-05-17
HRE000862,ENS0064,MAT0033,27,1,TD,40,2023-05-17
HRE000863,ENS0064,MAT0004,10,4,PROJET,20,2024-05-17
HRE000864,ENS0064,MAT0004,10,3,CM,30,2024-05-16
HRE000865,ENS0064,MAT0030,17,1,CM,35,2024-04-15
HRE000866,ENS0064,MAT0026,22,2,CM,40,2023-03-16
HRE000867,ENS0064,MAT0021,26,4,TD,15,2023-05-17
HRE000868,ENS0064,MAT0017,15,1,TD,25,2023-04-15
HRE000869,ENS0064,MAT0019,10,4,TP,10,2024-05-16
HRE000870,ENS0064,MAT0013,13,4,TP,10,2024-05-17
HRE000871,ENS0064,MAT0015,17,3,TD,20,2023-03-16
HRE000872,ENS0065,MAT0025,3,4,CM,40,2024-04-16
HRE000873,ENS0065,MAT0024,12,4,PROJET,30,2024-03-17
HRE000874,ENS0065,MAT0014,14,3,TD,20,2023-04-16
HRE000875,ENS0065,MAT0026,8,4,TP,20,2024-04-16
HRE000876,ENS0065,MAT0003,20,2,TP,15,2024-04-15
HRE000877,ENS0065,MAT0021,18,4,PROJET,25,2024-03-16
HRE000878,ENS0065,MAT0032,11,4,TP,10,2023-04-16
HRE000879,ENS0065,MAT0007,8,2,TD,30,2023-03-17
HRE000880,ENS0065,MAT0035,7,3,PROJET,15,2024-04-15
HRE000881,ENS0065,MAT0003,8,4,CM,40,2024-04-16
HRE000882,ENS0065,MAT0020,17,2,TP,15,2023-05-16
HRE000883,ENS0065,MAT0010,25,1,TP,35,2024-04-15
HRE000884,ENS0065,MAT0011,9,3,PROJET,10,2023-04-15
HRE000885,ENS0065,MAT0032,13,4,TD,35,2023-04-15
HRE000886,ENS0066,MAT0006,5,3,CM,40,2023-03-16
HRE000887,ENS0066,MAT0024,5,1,TD,40,2024-03-16
HRE000888,ENS0066,MAT0003,9,4,TP,10,2023-04-15
HRE000889,ENS0066,MAT0023,21,2,CM,25,2023-05-17
HRE000890,ENS0066,MAT0016,20,2,TP,15,2024-03-17
HRE000891,ENS0066,MAT0034,12,3,TD,20,2024-03-17
HRE000892,ENS0066,MAT0033,7,2,CM,35,2023-04-15
HRE000893,ENS0066,MAT0027,19,3,PROJET,15,2023-05-16
HRE000894,ENS0066,MAT0028,24,3,PROJET,15,2023-03-17
HRE000895,ENS0066,MAT0006,21,4,PROJET,10,2024-05-16
HRE000896,ENS0066,MAT0016,13,3,PROJET,30,2023-05-16
HRE000897,ENS0067,MAT0017,14,1,TP,25,2023-05-16
HRE000898,ENS0067,MAT0029,4,3,PROJET,20,2023-03-17
HRE000899,ENS0067,MAT0013,3,3,TD,35,2023-03-17
HRE000900,ENS0067,MAT0005,26,4,CM,25,2023-05-16
HRE000901,ENS0067,MAT0003,21,2,CM,30,2024-04-15
HRE000902,ENS0067,MAT0011,8,4,PROJET,25,2023-05-16
HRE000903,ENS0067,MAT0015,1,2,TD,25,2024-03-16
HRE000904,ENS0067,MAT0024,18,2,CM,15,2023-05-16
HRE000905,ENS0067,MAT0017,17,1,TP,10,2024-04-15
HRE000906,ENS0067,MAT0015,25,1,TP,35,2024-04-15
HRE000907,ENS0067,MAT0013,25,3,CM,10,2024-03-16
HRE000908,ENS0067,MAT0025,7,2,CM,30,2024-03-16
HRE000909,ENS0067,MAT0022,4,4,PROJET,15,2023-04-15
HRE000910,ENS0068,MAT0016,1,4,PROJET,20,2024-03-17
HRE000911,ENS0068,MAT0035,23,4,TD,30,2023-03-16
HRE000912,ENS0068,MAT0011,9,2,TP,40,2024-03-16
HRE000913,ENS0068,MAT0008,7,1,TP,10,2024-05-17
HRE000914,ENS0068,MAT0033,21,3,TD,40,2024-04-16
HRE000915,ENS0068,MAT0028,6,2,CM,25,2024-03-17
HRE000916,ENS0068,MAT0027,3,3,PROJET,25,2024-05-16
HRE000917,ENS0068,MAT0033,12,2,TD,30,2023-04-16
HRE000918,ENS0068,MAT0009,12,3,TP,35,2024-04-16
HRE000919,ENS0068,MAT0016,9,4,CM,10,2023-04-15
HRE000920,ENS0068,MAT0023,16,3,TD,10,2023-03-16
HRE000921,ENS0068,MAT0026,26,1,TP,40,2024-04-15
HRE000922,ENS0068,MAT0032,25,3,TD,30,2023-04-16
HRE000923,ENS0068,MAT0024,21,4,PROJET,10,2024-04-16
HRE000924,ENS0068,MAT0015,26,2,TP,35,2024-04-15
HRE000925,ENS0069,MAT0019,20,2,TP,30,2023-04-16
HRE000926,ENS0069,MAT0020,19,1,TD,15,2023-05-17
HRE000927,ENS0069,MAT0016,20,4,CM,20,2024-05-16
HRE000928,ENS0069,MAT0015,26,4,PROJET,15,2024-03-17
HRE000929,ENS0069,MAT0025,8,1,PROJET,10,2024-03-16
HRE000930,ENS0069,MAT0035,7,2,PROJET,15,2024-03-16
HRE000931,ENS0069,MAT0026,15,4,CM,10,2024-03-16
HRE000932,ENS0069,MAT0006,25,1,TD,40,2024-05-17
HRE000933,ENS0069,MAT0020,11,1,CM,10,2024-05-16
HRE000934,ENS0069,MAT0013,6,3,CM,15,2024-04-16
HRE000935,ENS0069,MAT0026,5,3,PROJET,40,2024-04-16
HRE000936,ENS0069,MAT0016,13,1,TD,35,2024-05-17
HRE000937,ENS0069,MAT0001,2,4,TP,30,2023-04-16
HRE000938,ENS0069,MAT0021,11,1,CM,35,2023-05-16
HRE000939,ENS0069,MAT0031,15,4,PROJET,25,2023-03-17
HRE000940,ENS0069,MAT0011,2,4,CM,10,2023-04-16
HRE000941,ENS0069,MAT0014,30,1,TP,15,2024-04-16
HRE000942,ENS0069,MAT0007,7,1,PROJET,20,2023-05-17
HRE000943,ENS0069,MAT0014,2,3,PROJET,20,2023-04-16
HRE000944,ENS0070,MAT0017,4,3,TP,10,2024-05-17
HRE000945,ENS0070,MAT0006,21,3,TD,10,2023-05-16
HRE000946,ENS0070,MAT0030,21,4,TD,20,2023-03-17
HRE000947,ENS0070,MAT0025,10,4,TP,15,2023-03-16
HRE000948,ENS0070,MAT0005,24,1,TP,35,2023-05-16
HRE000949,ENS0070,MAT0003,27,1,PROJET,35,2024-04-15
HRE000950,ENS0070,MAT0022,22,3,TD,10,2024-05-17
HRE000951,ENS0070,MAT0024,7,1,TP,30,2024-04-16
HRE000952,ENS0070,MAT0028,11,1,TD,25,2023-05-16
HRE000953,ENS0070,MAT0017,13,2,TP,20,2023-04-16
HRE000954,ENS0070,MAT0005,2,4,PROJET,20,2023-04-16
HRE000955,ENS0070,MAT0006,15,4,TP,30,2024-04-16
HRE000956,ENS0071,MAT0005,18,1,TD,40,2024-05-16
HRE000957,ENS0071,MAT0001,6,2,PROJET,10,2023-04-15
HRE000958,ENS0071,MAT0034,19,1,CM,35,2023-05-16
HRE000959,ENS0071,MAT0021,7,3,TD,10,2024-03-17
HRE000960,ENS0071,MAT0008,15,2,PROJET,35,2024-04-16
HRE000961,ENS0071,MAT0008,16,3,TD,35,2024-04-16
HRE000962,ENS0071,MAT0026,15,2,TD,20,2023-03-16
HRE000963,ENS0071,MAT0014,4,2,TP,35,2024-03-16
HRE000964,ENS0071,MAT0023,14,2,PROJET,35,2024-04-16
HRE000965,ENS0071,MAT0031,23,3,PROJET,35,2024-04-16
HRE000966,ENS0071,MAT0011,27,4,TD,15,2023-05-16
HRE000967,ENS0071,MAT0005,8,3,TP,10,2023-03-17
HRE000968,ENS0072,MAT0014,15,1,TP,30,2023-05-17
HRE000969,ENS0072,MAT0013,26,4,PROJET,15,2023-03-17
HRE000970,ENS0072,MAT0035,18,4,TD,10,2023-03-16
HRE000971,ENS0072,MAT0028,3,4,TD,35,2023-05-17
HRE000972,ENS0072,MAT0004,25,2,CM,20,2023-05-17
HRE000973,ENS0072,MAT0033,21,2,TP,10,2024-04-16
HRE000974,ENS0072,MAT0028,10,1,TP,20,2023-04-16
HRE000975,ENS0072,MAT0026,12,3,TP,25,2023-04-15
HRE000976,ENS0072,MAT0035,7,1,TD,10,2024-03-17
HRE000977,ENS0072,MAT0018,14,2,TD,25,2024-04-16
HRE000978,ENS0072,MAT0034,11,3,CM,10,2023-03-17
HRE000979,ENS0072,MAT0001,11,4,CM,35,2024-05-17
HRE000980,ENS0073,MAT0001,5,2,CM,25,2023-04-16
HRE000981,ENS0073,MAT0011,22,2,TP,25,2023-03-17
HRE000982,ENS0073,MAT0023,12,1,TD,35,2024-05-17
HRE000983,ENS0073,MAT0018,3,1,TD,30,2023-03-16
HRE000984,ENS0073,MAT0007,24,4,PROJET,35,2023-03-17
HRE000985,ENS0073,MAT0007,6,4,TD,15,2024-03-17
HRE000986,ENS0073,MAT0027,27,2,TD,20,2023-05-17
HRE000987,ENS0073,MAT0007,2,1,PROJET,25,2024-04-16
HRE000988,ENS0074,MAT0012,21,2,CM,20,2023-05-16
HRE000989,ENS0074,MAT0004,16,3,TP,30,2023-04-15
HRE000990,ENS0074,MAT0024,18,2,TP,20,2024-05-16
HRE000991,ENS0074,MAT0016,20,4,TD,15,2024-03-17
HRE000992,ENS0074,MAT0032,21,1,PROJET,20,2024-03-17
HRE000993,ENS0074,MAT0017,6,4,TP,20,2023-05-17
HRE000994,ENS0074,MAT0028,4,1,TD,30,2024-03-16
HRE000995,ENS0074,MAT0016,22,1,TD,30,2024-04-16
HRE000996,ENS0074,MAT0009,23,3,TD,40,2023-04-16
HRE000997,ENS0074,MAT0028,7,4,TP,25,2024-03-16
HRE000998,ENS0074,MAT0005,17,1,TP,40,2023-03-17
HRE000999,ENS0074,MAT0002,25,4,TD,10,2024-04-15
HRE001000,ENS0074,MAT0026,20,4,TD,35,2024-03-17
HRE001001,ENS0075,MAT0014,15,3,PROJET,30,2024-05-16
HRE001002,ENS0075,MAT0034,20,3,PROJET,35,2024-04-16
HRE001003,ENS0075,MAT0001,17,4,PROJET,25,2024-05-16
HRE001004,ENS0075,MAT0010,25,1,CM,10,2024-03-16
HRE001005,ENS0075,MAT0020,23,1,TP,35,2024-04-15
HRE001006,ENS0075,MAT0014,5,1,CM,30,2024-03-16
HRE001007,ENS0075,MAT0008,15,3,TD,20,2024-05-17
HRE001008,ENS0075,MAT0032,8,3,CM,40,2024-03-17
HRE001009,ENS0075,MAT0016,24,2,CM,40,2023-04-15
HRE001010,ENS0075,MAT0002,13,3,PROJET,35,2024-03-17
HRE001011,ENS0075,MAT0030,4,1,CM,40,2024-05-16
HRE001012,ENS0075,MAT0021,11,2,PROJET,20,2023-03-17
HRE001013,ENS0075,MAT0003,23,4,CM,10,2023-04-16
HRE001014,ENS0075,MAT0020,18,4,PROJET,20,2024-04-15
HRE001015,ENS0075,MAT0026,10,2,CM,10,2024-04-16
HRE001016,ENS0075,MAT0003,22,2,CM,10,2023-04-15
HRE001017,ENS0075,MAT0005,5,3,TP,15,2024-05-17
HRE001018,ENS0076,MAT0015,23,1,TP,10,2023-04-16
HRE001019,ENS0076,MAT0010,4,2,TD,30,2024-03-16
HRE001020,ENS0076,MAT0028,12,3,TD,35,2023-05-17
HRE001021,ENS0076,MAT0023,25,4,PROJET,40,2023-05-17
HRE001022,ENS0076,MAT0012,27,4,TP,15,2023-03-17
HRE001023,ENS0076,MAT0003,4,2,TD,15,2023-03-17
HRE001024,ENS0076,MAT0031,20,3,PROJET,20,2023-05-16
HRE001025,ENS0076,MAT0025,21,4,TD,15,2023-03-16
HRE001026,ENS0076,MAT0012,8,2,CM,30,2023-03-17
HRE001027,ENS0076,MAT0014,10,4,PROJET,40,2024-04-15
HRE001028,ENS0076,MAT0035,1,4,CM,35,2024-05-16
HRE001029,ENS0076,MAT0030,22,3,TD,20,2023-03-16
HRE001030,ENS0076,MAT0026,15,4,CM,20,2024-05-16
HRE001031,ENS0077,MAT0025,9,2,CM,35,2024-04-15
HRE001032,ENS0077,MAT0013,7,3,TD,30,2023-03-17
HRE001033,ENS0077,MAT0032,25,3,TD,30,2024-04-16
HRE001034,ENS0077,MAT0015,6,4,TP,15,2023-04-15
HRE001035,ENS0077,MAT0021,11,2,CM,35,2023-05-17
HRE001036,ENS0077,MAT0031,23,3,PROJET,40,2023-04-15
HRE001037,ENS0077,MAT0035,27,4,TD,20,2023-05-17
HRE001038,ENS0077,MAT0021,15,2,CM,40,2024-05-17
HRE001039,ENS0077,MAT0007,17,2,TP,20,2023-03-17
HRE001040,ENS0077,MAT0014,1,1,CM,25,2023-05-17
HRE001041,ENS0077,MAT0011,7,3,PROJET,40,2023-04-16
HRE001042,ENS0077,MAT0021,13,1,TD,20,2023-05-16
HRE001043,ENS0077,MAT0011,16,2,TD,15,2024-04-16
HRE001044,ENS0078,MAT0012,25,3,TD,15,2023-04-15
HRE001045,ENS0078,MAT0020,27,4,CM,35,2024-03-17
HRE001046,ENS0078,MAT0031,30,1,TP,35,2024-05-17
HRE001047,ENS0078,MAT0004,5,1,TP,20,2024-05-17
HRE001048,ENS0078,MAT0030,19,2,TP,20,2024-04-15
HRE001049,ENS0078,MAT0029,23,4,TP,30,2024-03-17
HRE001050,ENS0079,MAT0029,21,2,TP,30,2023-04-15
HRE001051,ENS0079,MAT0005,27,4,CM,30,2023-03-17
HRE001052,ENS0079,MAT0009,8,4,CM,20,2023-04-15
HRE001053,ENS0079,MAT0024,19,3,CM,40,2024-05-16
HRE001054,ENS0079,MAT0002,7,2,TP,30,2024-04-15
HRE001055,ENS0079,MAT0015,17,1,TD,25,2023-04-16
HRE001056,ENS0079,MAT0008,16,2,PROJET,15,2024-04-15
HRE001057,ENS0079,MAT0025,7,4,CM,20,2024-04-15
HRE001058,ENS0079,MAT0034,15,2,TD,15,2023-04-16
HRE001059,ENS0079,MAT0003,8,3,CM,20,2023-03-17
HRE001060,ENS0079,MAT0028,25,3,PROJET,10,2023-03-17
HRE001061,ENS0079,MAT0026,8,1,TD,30,2024-04-15
HRE001062,ENS0079,MAT0006,17,3,TP,35,2024-05-17
HRE001063,ENS0079,MAT0022,4,4,TD,15,2024-04-15
